DENOMINAZIONE;P_IVA;MACRO_CATEGORIA;CATEGORIA;FISSO_VARIABILE_INVESTIMENTI
2 SPAM Sicurezza sul Lavoro s.a.s. di Arecco Alessandro;01899280992;Altri Costi Fissi;Consulenza;Fisso
2001 Refrigerazione s.r.l.;07249830964;Altri Costi Fissi;Manutenzione Generica;Fisso
2SC SRL;07029330961;Altri Costi Variabili;Allestimento Eventi;Variabile
3 MP Design;00000000000;Altri Costi Variabili;Allestimento Eventi;Variabile
3DODO SRLS;06244070659;Altri Costi Variabili;Materiali di Consumo;Variabile
4TH CLIFF LOBSTER ITALIA SPA;04137231009;Costi Variabili;Food;Variabile
A Riccione Santa Margherita S.R.L.;02947540999;Investimenti;Investimenti;Investimenti
A.D.M. SRL S;00000000000;Investimenti;Investimenti;Investimenti
A.E.G.2000 SRL;09672131001;Costi Variabili;Food;Variabile
A.E.P.E.R  ASS.NE ESERC. PUBBL. ESE.ROMA;02115881001;Altri Costi Fissi;Spese Amministrative;Fisso
A.I.A. S.P.A. UNIPERSONALE;00000000000;Costi Variabili;Food;Variabile
A.M. SNC DI ANTONIO MISSONI E C;08030220159;Investimenti;Investimenti;Investimenti
A.P.L.E.M. SRL;06134330155;Altri Costi Fissi;Manutenzione Generica;Fisso
A2A Energia SpA;12883420155;Utenze;Energia Elettrica;Fisso
ABC 3.0 SRLS;00000000000;Altri Costi Fissi;Abiti lavoro;Fisso
ABERT S.P.A.;01418800171;Altri Costi Variabili;Materiali di Consumo;Variabile
Acea Ato2 S.p.A.;05848061007;Utenze;Energia Elettrica;Fisso
ACQUAVERDE;00000000000;Altri Costi Fissi;Manutenzione Generica;Fisso
Acquavite S.p.A.;03212950269;Costi Variabili;Beverage;Variabile
ADERENTI LUCIANO DI ADERENTI FRANCESCO;02467530982;Altri Costi Fissi;Altre Forniture;Fisso
ADK Italia Srl;16586030485;Altri Costi Fissi;Abiti lavoro;Fisso
ADK Italia Srl;06586030485;Altri Costi Fissi;Abiti lavoro;Fisso
AGB SELEZIONE S.R.L;01713980991;Costi Variabili;Beverage;Variabile
AGENZIA LOMBARDA RAPPRESENTANZE E DEPOSI;00887790152;Costi Variabili;Food;Variabile
AGNONI SRL;01805660592;Costi Variabili;Food;Variabile
AGORA' PHARMA S.R.L.;10797550968;Costi Variabili;Food;Variabile
AGRAS S.R.L.;13404960158;Costi Variabili;Food;Variabile
AGRICOLA TOMMASI VITICOLTORI;02628200236;Costi Variabili;Beverage;Variabile
Agriroma distribuzione Srl;00000000000;Costi Variabili;Food;Variabile
Agroittica Lombarda Spa;00596340984;Costi Variabili;Food;Variabile
AIMI FERRAMENTA S.n.c. di Rizzardi Nicolò & C.;02778200101;Altri Costi Fissi;Manutenzione Generica;Fisso
Air Fire;00000000000;Altri Costi Fissi;Manutenzione Generica;Fisso
Alan srl;00000000000;Altri Costi Fissi;Manutenzione Generica;Fisso
Alba SRL;00000000000;Costi Variabili;Food;Variabile
Alessandro Pietrangeli;00000000000;Altri Costi Fissi;Manutenzione Generica;Fisso
ALFA FRUTTA SRL;12162761006;Costi Variabili;Food;Variabile
Alicanti store;00000000000;Altri Costi Variabili;Allestimento Eventi;Variabile
ALICANTISTORE S.R.L.;12986471006;Altri Costi Fissi;Altre Spese;Fisso
Alice Ostiense srl;13225201006;Altri Costi Fissi;Rappresentanza;Fisso
ALMA BLU srl;01589820990;Altri Costi Fissi;Abiti lavoro;Fisso
ALPORI FESTA & C. S.P.A.;07741090968;Costi Variabili;Beverage;Variabile
ALSER SRL;10608770151;Costi Variabili;Beverage;Variabile
Alvaro Magistri;00000000000;Altri Costi Fissi;Manutenzione Generica;Fisso
AMA Roma;00000000000;Utenze;Ta.Ri.;Fisso
Amazon EU S.a r.l. Succursale Italiana;08973230967;Altri Costi Fissi;Altre Forniture;Fisso
AMBROGIO E GIOVANNI FOLONARI TENUTE S.A.R.L.;03768690483;Costi Variabili;Beverage;Variabile
AMBROSIA EUROPA S.A.S. DI LATORRE RUIZ SONIA CONSTANZA LUCRECIA E C.;09916680961;Costi Variabili;Caffè;Variabile
AMF System srl;04391101005;Altri Costi Fissi;Altre Forniture;Fisso
AMS S.R.L.S.;17243591009;Costi Variabili;Food;Variabile
Andrea Bertini;02247740505;Altri Costi Fissi;Consulenza;Fisso
Andrea Di Giovambattista;00000000000;Altri Costi Fissi;Manutenzione Generica;Fisso
Andrea Fioranelli;00000000000;Altri Costi Fissi;Attrezzature Sala;Fisso
Andrea Galli;12600940154;Altri Costi Fissi;Manutenzione Verde;Fisso
Andrea Massei;14569691000;;;
Andreoli Giulia;00000000000;Altri Costi Fissi;Marketing;Fisso
Angelini Wines & Estates Società Agricola a r.l.;02555110424;Costi Variabili;Beverage;Variabile
ANGELO DELLO CHEF S.R.L.;00000000000;Altri Costi Fissi;Attrezzature Cucina;Fisso
Anna Speranza;00000000000;Altri Costi Variabili;Allestimento Eventi;Variabile
ANSUINI MARIA DOMENICA E C. DI TIBERI ROBERTO SAS;04185461003;Costi Variabili;Food;Variabile
Antica Ricetta Livi SRL;00000000000;Costi Variabili;Food;Variabile
ANTICO PASTIFICIO MORELLI 1860;01255330506;Costi Variabili;Food;Variabile
ANTICO PASTIFICIO ROSETANO srl;01671370672;Costi Variabili;Food;Variabile
ANTONIO VERRINI S.R.L.;04557500404;Costi Variabili;Food;Variabile
Appari s.n.c. di APPARI Cesare CUNEO Giovanni e CUNEO Andrea;00202240990;Altri Costi Fissi;Altre Spese;Fisso
APPIA STORE SRL;13294671006;Altri Costi Variabili;Materiali di Consumo;Variabile
Apple Retail Italia S.r.l.;04935230963;Altri Costi Fissi;Rappresentanza;Fisso
AQUANARIA SS;00035236355;Costi Variabili;Food;Variabile
AR Srl;11218060157;Altri Costi Variabili;Materiali di Consumo;Variabile
AR STORE;02572960413;Altri Costi Fissi;Manutenzione Generica;Fisso
ARCADIA SOCIETA' AGRICOLA SRL;01119510939;Costi Variabili;Beverage;Variabile
Architetto Salutini Massimo;00000000000;Altri Costi Fissi;Professionisti;Fisso
Architetto Venturini Gian Paolo;00000000000;Altri Costi Fissi;Professionisti;Fisso
AREA WEB S.R.L.;07352370725;Altri Costi Fissi;Marketing;Fisso
ARKE' SRL;06466651004;;;
ARMONIA DI ARCANGELO DANDINI & C. SAS;00000000000;Costi Variabili;Food;Variabile
ARNALDO CAPRAI SOC.AGRICOLA SRL;01248500546;Costi Variabili;Beverage;Variabile
ARS FUMI SRL;13743821004;Altri Costi Fissi;Manutenzione Generica;Fisso
ART FIREWORKS ALLEVI GROUP SRL;02179830688;Altri Costi Fissi;Altre Forniture;Fisso
ARUBA SPA;01573850516;Altri Costi Fissi;Spese Amministrative;Fisso
ARVAL SERVICE LEASE ITALIA SPA;04911190488;Altri Costi Fissi;Automezzi;Fisso
Asanisimasa SRL;00000000000;Costi Variabili;Food;Variabile
Asola srl;08318460964;Affitto;Affitto;Fisso
ATAC S.p.A. Azienda per la mobilità;06341981006;Altri Costi Fissi;Spese Amministrative;Fisso
ATMOSFERE SICILIANE S.R.L.;06618930827;Costi Variabili;Food;Variabile
AUTOFFICINA MY CAR s.n.c. di Trentin Lorenzo e Mattia;01253070187;Altri Costi Fissi;Altre Spese;Fisso
AUTOLAVAGGIO LUISA S.R.L.;00000000nan;Altri Costi Fissi;Rappresentanza;Fisso
AUTOLAVAGGIO LUISA S.R.L.;12572420961;Altri Costi Fissi;Marketing;Fisso
AUTORI DEL VINO SRL;11613820965;Costi Variabili;Beverage;Variabile
Autorimessa Ponte Milvio srls;00000000000;Altri Costi Variabili;Servizi per Eventi;Variabile
AUTOSTRADE PER L'ITALIA S.P.A.;07516911000;Altri Costi Fissi;Altre Spese;Fisso
AVENTINO  SUITE S.R.L.;12371641007;Altri Costi Fissi;Spese Amministrative;Fisso
Avenue Srl;00851310219;Costi Variabili;Beverage;Variabile
AVIAREPS S.R.L.;08582770965;Altri Costi Fissi;Altre Spese;Fisso
AVICARNI S.r.l.;13444400967;Costi Variabili;Food;Variabile
AZ. AGR. ABBONA di ABBONA MARZIANO & C.;00450870043;Costi Variabili;Beverage;Variabile
AZ. AGR. CASA ALLE VACCHE DI CIAPPI S. & FIGLI;00842460529;Costi Variabili;Beverage;Variabile
AZ. AGR. FRATELLI MURATORI S.S. SOCIETA'  AGRICOLA;03535970176;Costi Variabili;Beverage;Variabile
AZ. AGR. G. RICCI CURBASTRO & FIGLI S.S.;02894810171;Costi Variabili;Beverage;Variabile
AZ. AGR. IDEA VERDE SNC di Spanicciati A.   M.;00000000000;Costi Variabili;Food;Variabile
AZ. AGR. IDEA VERDE SNC di Spanicciati A. M.;04418751006;Costi Variabili;Food;Variabile
Az. Agricola CORTESE GIUSEPPE;03082490040;Costi Variabili;Beverage;Variabile
AZ. AGRICOLA MAURO MOLINO SOCIETA' SEMPLICE AGRICOLA;04087810042;Costi Variabili;Beverage;Variabile
AZ.AGR. GILLARDI s.s.a.;02764640047;Costi Variabili;Beverage;Variabile
AZ.AGR. PRIORE DI MINGOTTI;00560440984;Costi Variabili;Beverage;Variabile
AZ.AGR.DOLCEVERA DI BENEDETTI MARCO;04151180231;Costi Variabili;Beverage;Variabile
AZ.AGR.E VITIV. BURLOTTO GIAN CARLO SOCIETA' AGRICOLA SEMPLI;02475880049;Costi Variabili;Beverage;Variabile
AZ.AGR.LE MARCHESINE SS DI BIATTA GIOVANNI & C;02375750987;Costi Variabili;Beverage;Variabile
AZ.AGRARIA CAMPO BARGELLO DI MATTEINI MARTA;05065160482;Costi Variabili;Beverage;Variabile
AZIENDA AGRICOLA BUGLIONI SOC.AGRICOLA;02851290235;Costi Variabili;Beverage;Variabile
AZIENDA AGRICOLA CA' DEI FRATI DI DAL CERO PIETRO E FIGLI SOCIETA' AGRICOLA;00631300985;Costi Variabili;Beverage;Variabile
AZIENDA AGRICOLA CODA DI LUPO di STEFANO DI NIGLIO;02677790905;Costi Variabili;Beverage;Variabile
AZIENDA AGRICOLA DI MEO S.A.S. DI DI MEO ROBERTO E C. SOCIETA' AGRICOLA;01648380648;Costi Variabili;Beverage;Variabile
Azienda Agricola Elena Colucci (Olio);00000000000;Costi Variabili;Food;Variabile
AZIENDA AGRICOLA G. MILAZZO;01693910844;Costi Variabili;Beverage;Variabile
AZIENDA AGRICOLA G.D. VAJRA DI VAIRA ALDO;00624560041;Costi Variabili;Beverage;Variabile
AZIENDA AGRICOLA RISERVA SAN MASSIMO;01837320157;Costi Variabili;Food;Variabile
AZIENDA AGRICOLA TENUTA CARRETTA S.S.;03026490049;Costi Variabili;Beverage;Variabile
AZIENDA AGRICOLA TUNELLA SOC. SEMPL.;01840230302;Costi Variabili;Beverage;Variabile
AZIENDA AGRIMONTANA SPA;00568970040;Costi Variabili;Food;Variabile
AZIENDA SANTA BARBARA SRL;02249760428;Costi Variabili;Beverage;Variabile
Azienda Trasporti Milanesi S.p.A.   ;12883390150;Altri Costi Fissi;Spese Amministrative;Fisso
AZIENDA VINICOLA CONTINI SPA;00115530958;Costi Variabili;Beverage;Variabile
AZIENDE AGRICOLE PLANETA S.S.;01536110842;Costi Variabili;Beverage;Variabile
B2X SRL;11020591001;Costi Variabili;Beverage;Variabile
BABBI SRL;04149040406;Costi Variabili;Food;Variabile
BAD S.R.L.S.;02266630991;Costi Variabili;Food;Variabile
BAGUETTE S.R.L.;10194900964;Costi Variabili;Food;Variabile
Balducci Mattia SRL;02610310993;Costi Variabili;Food;Variabile
BALLABIO SOCIETA' AGRICOLA  SRL;00473600187;Costi Variabili;Beverage;Variabile
BANCA MONTE DEI PASCHI DI SIENA SPA;01483500524;Altri Costi Fissi;Spese Bancarie;Fisso
BANFI S.R.L.;01094190525;Costi Variabili;Beverage;Variabile
BARLEP SRLS;13868771000;Altri Costi Fissi;Rappresentanza;Fisso
BASILI IMPIANTI S.N.C.;01979351002;Altri Costi Fissi;Manutenzione Generica;Fisso
BATASIOLO SPA;02674600016;Costi Variabili;Beverage;Variabile
Batoni Silvia;00000000000;Altri Costi Fissi;Fee;Fisso
BBB SPA;00803620152;Altri Costi Fissi;Abiti lavoro;Fisso
BCC POS S.P.A.     ADERENTE AL GRUPPO BANCARIO COOP.VO ICCREA;16947661001;Altri Costi Fissi;Spese Bancarie;Fisso
BELGIAN SWEET DESIGN SA;00427918567;Altri Costi Variabili;Materiali di Consumo;Variabile
BELLA MONICA SRL;12455501002;Altri Costi Fissi;Spese Amministrative;Fisso
BERNABEI LIQUORI - SOCIETA' A RESPONSABILITA' LIMITATA;00921261004;Costi Variabili;Beverage;Variabile
BERSANO VINI S.R.L. - SOCIETA' A SOCIO UNICO;01378810053;Costi Variabili;Beverage;Variabile
BERTANI UTENSILI DI ARRIGONI GIUSEPPE;08949360963;Altri Costi Fissi;Attrezzature Cucina;Fisso
BERTINI PARKING S.R.L.;10769390963;Altri Costi Fissi;Spese Amministrative;Fisso
Biancini Paolo;00000000000;Costi Variabili;Food;Variabile
Bio Buo' soc. coop.;00000000000;Costi Variabili;Food;Variabile
Bio Invent SRL;00000000000;Altri Costi Fissi;Consulenza;Fisso
BIOTEC SRL;04524011006;Costi Variabili;Food;Variabile
BIRIMPORT S.P.A.;04978681007;Costi Variabili;Beverage;Variabile
Biristorazione Srl;12152131004;Costi Variabili;Food;Variabile
BISOL DESIDERIO & FIGLI S.R.L.;04618000261;Costi Variabili;Beverage;Variabile
Bitossi Ceramiche S.r.l.;00383810488;Altri Costi Fissi;Attrezzature Sala;Fisso
Black Angus Premium Farms srl;01532390190;Costi Variabili;Food;Variabile
BLACK OUT SAS di STEFANO BAFFIGI E C.;03879310153;Altri Costi Fissi;Altre Forniture;Fisso
BLASI ROSSI & PARTNERS SRL StP;13078321000;Altri Costi Fissi;Consulenza;Fisso
Blu Service srl;00000000000;Costi Variabili;Beverage;Variabile
Blue srls;02749050817;Costi Variabili;Food;Variabile
BOGLIANO SRL;00959440041;Altri Costi Variabili;Materiali di Consumo;Variabile
BOLIS SRL;00163520182;Costi Variabili;Beverage;Variabile
Bombonette Spa;04178880375;Altri Costi Variabili;Materiali di Consumo;Variabile
BONELLI PIETRO & ZAVOLI CARLO SNC;00000000000;Altri Costi Fissi;Manutenzione Generica;Fisso
BONFIGLIOLI PASQUINO SAS;11364050150;Altri Costi Fissi;Altre Forniture;Fisso
BORGOLUCE SOCIETA.AGRICOLA S.S.;03766630267;Costi Variabili;Beverage;Variabile
BORTOLIN F.LLI S.S. SOC.AGR.;04831120268;Costi Variabili;Beverage;Variabile
BOTTEGO GEST SRL;16940431006;Costi Variabili;Food;Variabile
BRAIDA di Bologna Giacomo srl;00984870055;Costi Variabili;Beverage;Variabile
BREDAQUARANTA SRL;08380360969;Altri Costi Fissi;Altre Spese;Fisso
Bressan Simona;00000000000;Costi Variabili;Food;Variabile
Bricocenter Italia S.r.l.;05602640962;Altri Costi Fissi;Altre Spese;Fisso
BRICOMAN ITALIA S.R.L. SOCIETA' A SOCIO UNICO;05602670969;Altri Costi Fissi;Manutenzione Generica;Fisso
BRUNA MARCHETTI;05267630589;Costi Variabili;Food;Variabile
BS INTERNATIONAL S.R.L.;01448020527;Costi Variabili;Beverage;Variabile
Buffa Andrea;00000000000;Altri Costi Fissi;Consulente Lavoro;Fisso
Business Value SRL;04077001008;Altri Costi Fissi;Consulenza;Fisso
BYMA S.R.L.;05689830965;Costi Variabili;Food;Variabile
C V Z S.P.A.;00152380242;Costi Variabili;Beverage;Variabile
C. & T. s.r.l.;04399860156;Costi Variabili;Food;Variabile
C.S.G Coop. Servizi Grottaferrata;00000000000;Costi Variabili;Food;Variabile
C&C S.p.A.;05685740721;Altri Costi Fissi;Rappresentanza;Fisso
CA Auto Bank S.p.A.;08349560014;Altri Costi Fissi;Rappresentanza;Fisso
Ca' del Bosco Srl - Soc. Agricola   ;04050710989;Costi Variabili;Beverage;Variabile
CACCIOTTI CARLO;08790650587;Altri Costi Fissi;Commercialista;Fisso
CAFFE' SI EVENTI;00000000000;Altri Costi Variabili;Allestimento eventi;Variabile
CAIRORCS MEDIA S.p.A.;11484370967;Altri Costi Fissi;Marketing;Fisso
CAIYA SRL;10311271216;Costi Variabili;Food;Variabile
CANDIDO ANTONIO;04753850157;Altri Costi Fissi;Commercialista;Fisso
CANTALUPPI TAVERNERIO SPA a socio unico;02563170139;Costi Variabili;Food;Variabile
Cantina Abbazia di Novacella;00121700215;Costi Variabili;Beverage;Variabile
CANTINA COLLI DEL SOLIGO S.A.C.;00179830260;Costi Variabili;Beverage;Variabile
CANTINA DEL NEBBIOLO S.C.A.;00169560042;Costi Variabili;Beverage;Variabile
Cantina Produttori San Michele Appiano;00126670215;Costi Variabili;Beverage;Variabile
Cantina San Paolo Soc. Agricola Coop.;00120200217;Costi Variabili;Beverage;Variabile
Cantina TRAMIN;00120790217;Costi Variabili;Beverage;Variabile
CANTINE DEL NOTAIO INTERNATIONAL WINE TRADING S.R.L.;01831520760;Costi Variabili;Beverage;Variabile
CANTINE LUNAE BOSONI S.r.l.;00985000116;Costi Variabili;Beverage;Variabile
CANTINE PAOLO LEO SRL;01897140743;Costi Variabili;Beverage;Variabile
Cantine Silvestri SRL;00000000000;Costi Variabili;Beverage;Variabile
CANTINE TORREVENTO SRL;08341700725;Costi Variabili;Beverage;Variabile
CANTINE VALTELLINA S.A.S. ;10907610157;Costi Variabili;Beverage;Variabile
CAPICHERA SRL SOCIETA' AGRICOLA;01688210903;Costi Variabili;Beverage;Variabile
CAPITELLI F.LLI S.R.L. Soggetta att.Dir.Coor.ITALMOBILIARE;00272710336;Costi Variabili;Food;Variabile
CAPOBIANCO TULLIO MANLIO;03906970714;Costi Variabili;Food;Variabile
CAPOCOLLO DI MARTINA SRL;02960620736;Costi Variabili;Food;Variabile
CAPSITALIA SERVICE SRL;02892560992;Altri Costi Fissi;Manutenzione Generica;Fisso
Car City Isola srl;09531320969;Altri Costi Fissi;Altre Spese;Fisso
Car Service di A. Angelucci & C. snc;02064561000;Altri Costi Fissi;Automezzi;Fisso
CARBOGNIN SRL;03763650102;Altri Costi Variabili;Allestimento Eventi;Variabile
Carcerei Eugenio;00000000000;Altri Costi Fissi;Lavanderia;Fisso
CARLIN DE PAOLO DI PONTE GIANCARLO E C. S.N.C.;01237870058;Costi Variabili;Beverage;Variabile
Carlo Rufi;00000000000;Altri Costi Fissi;Commercialista;Fisso
CARLSBERG HORECA S.R.L.;03200350159;Costi Variabili;Beverage;Variabile
CARNI NOBILI S.R.L.;00351160155;Costi Variabili;Food;Variabile
CARTARIA APPIA S.R.L.;01947451009;Altri Costi Variabili;Materiali di Consumo;Variabile
Caruso Fabrizio;13297730155;Altri Costi Fissi;Attrezzature Cucina;Fisso
Casa Manfredi di Giorgia Proia;16397921004;Costi Variabili;Food;Variabile
CASA VINICOLA E. ANTONUTTI SNC;00163520307;Costi Variabili;Beverage;Variabile
Casale del Giglio Societa' Agricola S.r.l;00142410596;Costi Variabili;Beverage;Variabile
CASALE SRL;16926221009;Altri Costi Fissi;Rappresentanza;Fisso
CASTELLO DI AMA SRL;00884000522;Costi Variabili;Beverage;Variabile
CASTELLO DI BOSSI SOC. AGRIC. SRL;00088470521;Costi Variabili;Beverage;Variabile
CASTELLO DI SPESSA SOC. AGRIC. A R.L.;00444600316;Costi Variabili;Beverage;Variabile
CASTRONI A VIA FRATTINA SRL;00000000000;Costi Variabili;Food;Variabile
Catini D. & C. SRL;00000000000;Altri Costi Variabili;Allestimento eventi;Variabile
CAVALLETTI NEMORENSE SRL;00000000000;Costi Variabili;Food;Variabile
CAVIT S.C.;00107940223;Costi Variabili;Beverage;Variabile
CB MULTISERVICE S.R.L.S.;00000000000;Altri Costi Variabili;Allestimento eventi;Variabile
CB srl  ;00750250169;Altri Costi Fissi;Manutenzione Generica;Fisso
CCF CHIUSURE DI SICUREZZA S.r.l.;08156370960;Altri Costi Fissi;Manutenzione Generica;Fisso
CDL SRL;15447471002;Altri Costi Fissi;Abiti lavoro;Fisso
CE. MAX 2020 SRL;00000000000;Altri Costi Fissi;Manutenzione Generica;Fisso
CELLA S.N.C. DI CELLA DANIELE E CELLA FRANCESCO ROBERTO;04424530964;Altri Costi Variabili;Materiali di Consumo;Variabile
CENTRO COLTELLERIA SNC di Vaghi L. & Valente M.;11648400155;Altri Costi Variabili;Noleggi;Variabile
Ceo Tech Solutions;00000000000;Altri Costi Fissi;Manutenzione Generica;Fisso
CERERIA DI GIORGIO S.P.A.;00000000000;Altri Costi Variabili;Allestimento eventi;Variabile
CERETTO AZIENDE VITIVINICOLE S.R.L.;00217070044;Costi Variabili;Beverage;Variabile
Charlotte srl;00000000000;Costi Variabili;Food;Variabile
CHEMICHAL SERVICES SRL;01787260767;Altri Costi Fissi;Consulenza;Fisso
CHIODINI S.A.S.;12579760153;Costi Variabili;Food;Variabile
CHIONETTI QUINTO E FIGLIO DI CHIONETTI NICOLA;03519480044;Costi Variabili;Beverage;Variabile
CHIONETTI SOCIETA' SEMPLICE AGRICOLA;04123730048;Costi Variabili;Beverage;Variabile
CHN MILANO S.R.L.;07344070151;Altri Costi Fissi;Manutenzione Generica;Fisso
CIANOGRAFIA MILVIA SNC;00000000000;Altri Costi Variabili;Allestimento eventi;Variabile
CICCHINELLI DISTRIBUZIONE SRL ETHICAL FOOD SELECTION;13815771004;Costi Variabili;Food;Variabile
CIGI SERVICE SRL;07006730969;Altri Costi Variabili;Materiali di Consumo;Variabile
CIMA INFORTUNISTICA S.R.L.;02849420126;Altri Costi Fissi;Manutenzione Generica;Fisso
Cinquevie SRL;00000000000;Altri Costi Fissi;Fee;Fisso
Ciodue Italia S.p.A.;12647740153;Altri Costi Fissi;Manutenzione Generica;Fisso
Circuito Logistic srl;15447471002;Altri Costi Fissi;Abiti lavoro;Fisso
Circuito Multiservice SRL;11610381003;Altri Costi Fissi;Abiti lavoro;Fisso
CLASSE A PIU' SRL;04276700244;Altri Costi Fissi;Altre Spese;Fisso
Claudio Nastase;00000000000;Altri Costi Fissi;Consulenza;Fisso
Clear Code di Mazzucco Matteo;04307110272;Altri Costi Fissi;Altre Forniture;Fisso
Climadeck SRL;02764750994;Altri Costi Fissi;Manutenzione Impianti;Fisso
climait di ait aichte ali;11702540961;Altri Costi Fissi;Manutenzione Generica;Fisso
CO-RA sas;02871490138;Altri Costi Fissi;Manutenzione Generica;Fisso
Co.Ca.B. S.p.a.;03787860158;Costi Variabili;Food;Variabile
Coffeetech S.r.l.;16495941003;Altri Costi Fissi;Manutenzione Macchinari;Fisso
COFIR ROMA SRL;10904661005;Altri Costi Fissi;Attrezzature Cucina;Fisso
COL. FORM. SRL;04715811008;Costi Variabili;Food;Variabile
COLACARNI S.r.l.s;13642721008;Costi Variabili;Food;Variabile
COLASUONNO S.R.L.;00799700158;Costi Variabili;Food;Variabile
COLLEMASSARI S.P.A SOCIETA' AGRICOLA;05732171003;Costi Variabili;Beverage;Variabile
COLOMBERA SYSTEM DI MASSIMO COLOMBERA;06898570962;Altri Costi Fissi;Software;Fisso
COMAVICOLA - COMMERCIALE AVICOLA SPA;00813270154;Costi Variabili;Food;Variabile
COMPAGNIA DEI CARAIBI S.P.A.;09971520011;Costi Variabili;Beverage;Variabile
COMPAGNIA DEL VINO  S.R.L.;04162050480;Costi Variabili;Beverage;Variabile
CONSEIL S.R.L.;12620771001;Altri Costi Fissi;Consulenza;Fisso
CONSORZIO IL GIARDINO DI CESAREA;01303490997;Altri Costi Fissi;Altre Spese;Fisso
CONTE TASCA D'ALMERITA SOC.AGR. A R.L.;06056430827;Costi Variabili;Beverage;Variabile
COOKI SRL;03752271209;Altri Costi Fissi;Software;Fisso
COOPERSYSTEM S. C. ADERENTE AL GRUPPO BANCARIO COOP.VO ICCREA;15240741007;Altri Costi Fissi;Spese Bancarie;Fisso
COPPO S.I.V.A.S. S.R.L.;00078410057;Costi Variabili;Beverage;Variabile
CORDERO Società Semplice Agricola;02747530182;Costi Variabili;Beverage;Variabile
CORTE GIARA SRL;02152470239;Costi Variabili;Beverage;Variabile
COSAPORTO SRL;14202471000;Altri Costi Variabili;Commissioni;Variabile
Cosmopol Security S.p.A.;01125371003;Altri Costi Fissi;Altre Spese;Fisso
COSTARIPA DI VEZZOLA MATTIA & C. S.S. ;02951270988;Costi Variabili;Beverage;Variabile
Costruzioni Scenografice Scenarredo srl;00000000000;Investimenti;Investimenti;Investimenti
Cover Sas di Santini Antonio & c.;00000000000;Altri Costi Variabili;Allestimento eventi;Variabile
Creattiva s.r.l.;04292240969;Altri Costi Variabili;Materiali di Consumo;Variabile
CRIOCABIN SPA;01147330284;Altri Costi Fissi;Attrezzature Cucina;Fisso
CRISTOFARI CERAMICHE SRL;00000000000;Investimenti;Investimenti;Investimenti
CROTASC S.R.L.;00801710146;Costi Variabili;Beverage;Variabile
CT  CONSULTING S.R.L.;09399040964;Altri Costi Fissi;Manutenzione Generica;Fisso
CUSUMANO S.R.L. Societa' Agricola;01995040811;Costi Variabili;Beverage;Variabile
CUZZIOL GRANDIVINI SRL;04711220261;Costi Variabili;Beverage;Variabile
D.I.A. DISTILLERIE ITALIANE AROMAT SRL;02362200244;Costi Variabili;Beverage;Variabile
DAC FOOD SERVICE SPA;03038290171;Costi Variabili;Food;Variabile
DAL BORRO SRL;01692160516;Costi Variabili;Beverage;Variabile
DALENA PIETRO - DLN PTR;02092770748;Costi Variabili;Food;Variabile
DALLATANA S.R.L.;01231370337;Costi Variabili;Food;Variabile
DALVA s.r.l.;05627080962;Affitto;Affitto;Fisso
DAST srl;00000000000;Costi Variabili;Food;Variabile
DBR SERVICE SRLS A SOCIO UNICO;09707940962;Altri Costi Fissi;Manutenzione Generica;Fisso
DC TRADE ITALIA SRL;02910720594;Altri Costi Variabili;Materiali di Consumo;Variabile
DE AMICIS SPA;01778880151;Costi Variabili;Food;Variabile
De Marchi Srl;10699361001;Costi Variabili;Food;Variabile
De Paolis Carlo;17166631006;Altri Costi Fissi;Consulenza;Fisso
DE RIGO VISION SPA   ;01001050259;Altri Costi Fissi;Altre Spese;Fisso
DE.MAR. S.r.l.;00000000000;Costi Variabili;Food;Variabile
DECORAZIONE E RESTAURO DI TAVA TIBERIO;01954340186;Altri Costi Fissi;Manutenzione Generica;Fisso
deep asian store di deep aman;01769050335;Altri Costi Fissi;Altre Spese;Fisso
DELL'ACQUILA ANGELO;00000000000;Altri Costi Fissi;Manutenzione Generica;Fisso
Demetra S.r.l.;09887360155;Costi Variabili;Food;Variabile
DERRATE DEL LAZIO SRL;00925411001;Costi Variabili;Food;Variabile
DGDIPA SRL;11766830969;Affitto;Affitto;Fisso
DI GIACOMO SANDRO;01400600688;Costi Variabili;Food;Variabile
Di Mauro Lorenzo;00000000000;Altri Costi Variabili;Musica;Variabile
DI.I.OR. S.R.L.;05978851003;Costi Variabili;Food;Variabile
DICO SPA;11247460154;Costi Variabili;Food;Variabile
DIEVOLE SRL;01000140523;Costi Variabili;Beverage;Variabile
DISA DAVIDE;03814050963;Altri Costi Fissi;Altre Spese;Fisso
DISHCOVERY SRL;03805390360;Altri Costi Fissi;Software;Fisso
DISTILLERIA CANELLESE C. BOCCHINO & C. SRL;00059380055;Costi Variabili;Beverage;Variabile
DISTILLERIA F.LLI CAFFO SRL ;00093830792;Costi Variabili;Beverage;Variabile
DISTILLERIA MARZADRO SPA;01451450223;Costi Variabili;Beverage;Variabile
DISTILLERIA S.TERESA DEI F.LLI MAROLO SRL;01905820047;Costi Variabili;Beverage;Variabile
DISTILLERIA SIBONA SPA;00219220043;Costi Variabili;Beverage;Variabile
DISTILLERIE BERTA SRL;01283390050;Costi Variabili;Beverage;Variabile
DISTILLERIE BONOLLO UMBERTO S.P.A.;00222760282;Costi Variabili;Beverage;Variabile
DISTILLERIE CAMEL SPA;00157230301;Costi Variabili;Beverage;Variabile
DISTRIBUZIONE GRANDI MARCHE D.G.M. SNC DI MARTINELLI E.& C.;12410880152;Costi Variabili;Beverage;Variabile
DITTA GAMBA EDOARDO DI P.LUIGI GAMBA SRL;00105020168;Costi Variabili;Food;Variabile
DIVA FOOD SRL;02670050695;Costi Variabili;Food;Variabile
DIVINORUM S.R.L.;10724480966;Costi Variabili;Beverage;Variabile
DOL SRL;00000000000;Costi Variabili;Food;Variabile
DOLCI FORNITURE SRL;05194771001;Costi Variabili;Food;Variabile
Dolci Pensieri srls;04449950718;Costi Variabili;Food;Variabile
Dolciaria Gelmini s.n.c. di Valagussa Angelo & C.;02079900961;Costi Variabili;Food;Variabile
Dolcilandia di Carlino Fabio & C. snc;00000000000;Costi Variabili;Food;Variabile
DOMENIS1898 SRL;02833620301;Costi Variabili;Beverage;Variabile
Dominanza Digitale;00000000000;Altri Costi Fissi;Marketing;Fisso
DOMINI CASTELLARE DI CASTELLINA SRL;01239060526;Costi Variabili;Beverage;Variabile
DOMORI SPA;03785920103;Costi Variabili;Food;Variabile
Doreca Italia S.P.A.;03393240548;Costi Variabili;Beverage;Variabile
DORECA STORE SRL;02499880397;Costi Variabili;Beverage;Variabile
dr arch Michele Arcuri;03355800131;Altri Costi Fissi;Professionisti;Fisso
DRIVALIA S.P.A.;05406791003;Altri Costi Fissi;Automezzi;Fisso
DST ITALA AMF srls;00000000000;Altri Costi Fissi;Software;Fisso
DUE ESSE STAMPA SRL;10055941008;Altri Costi Fissi;Altre Forniture;Fisso
Duferco Energia Spa;01016870329;Utenze;Energia Elettrica;Fisso
DUNAT SRL;00000000000;Costi Variabili;Food;Variabile
E.ON ENERGIA SPA;03429130234;Utenze;Energia;Fisso
E.T.2 SRL;12565390965;Altri Costi Variabili;Service;Variabile
EasyPark Italia Srl;05000350651;Altri Costi Fissi;Rappresentanza;Fisso
EATALY S.p.A.;09450580015;Costi Variabili;Food;Variabile
Eccellenze srls;11887580014;Costi Variabili;Food;Variabile
ECLISS MILANO SRL;06660180966;Altri Costi Fissi;Altre Forniture;Fisso
Ecopack S.p.A.;05469550015;Altri Costi Variabili;Materiali di Consumo;Variabile
EDENRED ITALIA Srl;09429840151;Altri Costi Variabili;Commissioni;Variabile
EDG SRL;00000000000;Altri Costi Variabili;Allestimento eventi;Variabile
EDIL CITY 22 S.R.L.S.;00000000000;Investimenti;Investimenti;Investimenti
Edil Domus SRL;00000000000;Investimenti;Investimenti;Investimenti
EDIL PIETRO S.R.L.;01837550167;Altri Costi Fissi;Manutenzione Generica;Fisso
EDIL PROJECT DESIGN 2 SOC.COOP. A.R.L.;12827721007;Investimenti;Investimenti;Investimenti
EDILSERVIZI SRL;02554460697;Altri Costi Fissi;Manutenzione Generica;Fisso
Ediservice srls;14709871009;Altri Costi Fissi;Manutenzione Generica;Fisso
Effetre SRL;00000000000;Costi Variabili;Food;Variabile
ELETTRICA BATTISTINI COMMERCITY SRL;00000000000;Altri Costi Fissi;Manutenzione Generica;Fisso
ELETTROTECNICA G&A SRL;03019610967;Investimenti;Investimenti;Investimenti
ELIS ITALIA S.P.A.;05851410158;Altri Costi Variabili;Noleggi;Variabile
ELTI SRL;00000000000;Altri Costi Fissi;Manutenzione Generica;Fisso
Emanuela Lucci;00000000000;Altri Costi Variabili;Allestimento Eventi;Variabile
Emma Moretti MakeUp & Hair Artist di Veronica Sprincean;00000000000;Altri Costi Variabili;Servizi per eventi;Variabile
EMMEGI SRL;03290270960;Altri Costi Fissi;Manutenzione Generica;Fisso
Enel Energia S.p.A.;15844561009;Utenze;Energia Elettrica;Fisso
ENRICO SERAFINO SRL;03548600042;Costi Variabili;Beverage;Variabile
ERBA SILVANO;00000000nan;Altri Costi Variabili;Allestimento Eventi;Variabile
ERBA SILVANO;00493640965;Altri Costi Variabili;Allestimento Eventi;Variabile
EREDI DI FRANCO TRABUCCHI S.N.C.;06425700157;Costi Variabili;Food;Variabile
Ericambi srl;06884391217;Altri Costi Fissi;Manutenzione Generica;Fisso
ERREGI S.R.L.;04694450968;Altri Costi Fissi;Manutenzione Impianti;Fisso
ES MOBILITY S.R.L.;11455821006;Altri Costi Variabili;Noleggi;Variabile
ESERCENTI IMPRESE SRLS;14680931004;Altri Costi Fissi;Spese Amministrative;Fisso
Esibirsi Soc. Coop.;00000000000;Altri Costi Variabili;Musica;Variabile
Esselunga S.p.A.   ;04916380159;Costi Variabili;Food;Variabile
Etica Lavoro S.r.l.;14977271007;Costo Staff;Costo Personale Operativo;Fisso
EUGENIO COLLAVINI VITICOLTORI SRL;00451600308;Costi Variabili;Beverage;Variabile
EUROECO S.R.L.;10240950153;Altri Costi Fissi;Manutenzione Generica;Fisso
EUROFOOD S.P.A.;09362510159;Costi Variabili;Beverage;Variabile
EUROMAR di SILVANO CARSO PIETRO S.R.L.;02479930444;Costi Variabili;Food;Variabile
Europcar Italia S.p.A.;05035331007;Altri Costi Variabili;Noleggi;Variabile
EVENT FLOWER S.R.L.S.;00000000000;Altri Costi Variabili;Allestimento eventi;Variabile
Eventi e Feste Italia Srl;00000000000;Altri Costi Variabili;Allestimento eventi;Variabile
Eventi&Noleggi Srls;00000000000;Altri Costi Variabili;Noleggi;Variabile
Eventment SRL;00000000000;Costi Variabili;Food;Variabile
Evoga Srls;05931620651;Altri Costi Fissi;Rappresentanza;Fisso
expensive foods italia srl;02342350689;Costi Variabili;Food;Variabile
F.A.G. Italia SRL;03672851007;Altri Costi Variabili;Materiali di Consumo;Variabile
F.B. BOCCASCENA SRL;00000000000;Altri Costi Variabili;Allestimento Eventi;Variabile
F.B.C. FOOD BROKERING COMPANY di COSIMO DIANA & C SAS;02201970346;Costi Variabili;Food;Variabile
F.C. Internazionale Milano S.p.A.;04231750151;Altri Costi Fissi;Rappresentanza;Fisso
F.lli Fontana Hotellerie;00000000000;Altri Costi Fissi;Manutenzione Generica;Fisso
F.LLI GREGORINI SRL;09455030966;Costi Variabili;Beverage;Variabile
F.LLI PELLEGRINI SPA;00224980169;Costi Variabili;Beverage;Variabile
Fabio Bettini;00000000000;Altri Costi Variabili;Fotografo;Variabile
Fable Design Srl;06623120968;Altri Costi Fissi;Altre Spese;Fisso
FAIC SRL;03872871003;Costi Variabili;Food;Variabile
FAMIGLIA COTARELLA S.R.L.;00472180553;Costi Variabili;Beverage;Variabile
FANTINI GROUP VINI SRL;01663210696;Costi Variabili;Beverage;Variabile
FAREL ATTREZZATURE SRL;02675530964;Altri Costi Fissi;Manutenzione Macchinari;Fisso
FAST FRUIT S.R.L.;07349730965;Costi Variabili;Food;Variabile
FASTWEB SpA;12878470157;Utenze;Telefono;Fisso
FATTORIA VILLA LIGI DI STEFANO TONELLI;02350990418;Costi Variabili;Beverage;Variabile
FAZZARI SAS DI FAZZARI NICOLAS E C.;06805670962;Costi Variabili;Food;Variabile
FB Pastry SRL;08907591211;Altri Costi Fissi;Consulenza;Fisso
FCF IMPIANTI S.R.L;04626310280;Altri Costi Fissi;Manutenzione Impianti;Fisso
FD Group;00000000000;Altri Costi Variabili;Allestimento eventi;Variabile
Fedele Corelli;00000000000;Costi Variabili;Food;Variabile
FEDER SYSTEM RECAPITI DI PLATTI FIORELLA & C SNC;00000000000;Altri Costi Fissi;Altre Spese;Fisso
FEDERICO GRAZIANI SOCIETA' AGRICOLA SRL;04809230263;Costi Variabili;Beverage;Variabile
FedEx Express Italy S.r.l.;09399880153;Altri Costi Fissi;Altre Spese;Fisso
FELSINEO SPA SOCIETA BENEFIT;00499291201;Costi Variabili;Food;Variabile
FENICIA S.P.A.;00111130829;Altri Costi Fissi;Abiti lavoro;Fisso
Fercasa SAS di Ferraro Alfonso;00000000000;Altri Costi Fissi;Manutenzione Generica;Fisso
Fernando Mita;00000000000;Altri Costi Fissi;Altre Forniture;Fisso
FERRAMENTA BREDA SAS DI MULTARI E LAROSA;02543620997;Altri Costi Fissi;Manutenzione Generica;Fisso
FERRARI F.LLI LUNELLI SPA;00123890220;Costi Variabili;Beverage;Variabile
FERRARI FRANCESCO;01265110039;Costi Variabili;Food;Variabile
FEUDI DI SAN GREGORIO SOCIETA' AGRICOLA S.P.A. - SOCIETA' BENEFIT;01753470648;Costi Variabili;Beverage;Variabile
FIASCONARO SRL;03648920829;Costi Variabili;Food;Variabile
FILADORA DI COPPOLA ANTONELLA;04949040960;Costi Variabili;Beverage;Variabile
Fine Food Group S.P.A.;04971641008;Costi Variabili;Food;Variabile
Fine Spirits S.R.L.;02215130994;Costi Variabili;Beverage;Variabile
Fiore Proibiti SRL;00000000000;Altri Costi Variabili;Allestimento eventi;Variabile
Fiorista Elvezia S.r.l.s.;00000000000;Altri Costi Variabili;Allestimento eventi;Variabile
FIRRIATO DISTRIBUZIONE S.R.L.;02214070811;Costi Variabili;Beverage;Variabile
Fittipaldi Stefano;00000000000;Investimenti;Investimenti;Investimenti
FLAGELLA CIRO S.R.L.;01714050661;Costi Variabili;Food;Variabile
FLEUR GARDEN S.R.L.;07298651006;Altri Costi Variabili;Allestimento eventi;Variabile
Flo e Deco srl;00000000000;Altri Costi Variabili;Allestimento eventi;Variabile
Flora Olanda SRL;00000000000;Altri Costi Variabili;Allestimento eventi;Variabile
FLORENTAL SRL;17006671006;Altri Costi Variabili;Noleggi;Variabile
Fluida Europe Srl;10302920961;Altri Costi Fissi;Software;Fisso
Fondazione Green Weddings Ets;00000000000;Altri Costi Fissi;Marketing;Fisso
FOOD GOD SRLS;12088850966;Costi Variabili;Food;Variabile
FOOD'ZUPERIOR S.R.L.;12456480966;Costi Variabili;Food;Variabile
Foodinho SRL;09080990964;Altri Costi Variabili;Commissioni;Variabile
FOODITALY S.R.L.;03917510715;Costi Variabili;Food;Variabile
FORMASAL DISTRIBUZIONE S.R.L.;09947841004;Costi Variabili;Food;Variabile
FORMOSO SALVATORE;02191670781;Altri Costi Variabili;Materiali di Consumo;Variabile
FORNO ROSCIOLI S.R.L. SU;00000000000;Costi Variabili;Food;Variabile
FOTI GIOVANNI;00000000000;Altri Costi Fissi;Consulenza;Fisso
FPL Srls;00000000000;Altri Costi Variabili;Allestimento Eventi;Variabile
Fragranze SRL;00000000000;Altri Costi Variabili;Allestimento eventi;Variabile
Francesco Coltellacci;00000000000;Altri Costi Fissi;Consulenza;Fisso
Francesco Pagano;00000000000;Costi Variabili;Food;Variabile
FRANCO GIUSEPPE;12309660962;Altri Costi Fissi;Lavanderia;Fisso
FRANCO Rosario;04040911218;Altri Costi Fissi;Spese Amministrative;Fisso
FRANCO ROSSI SELECTION SRL;11843990968;Costi Variabili;Beverage;Variabile
FRANTOIO OLEARIO GIOCONDO DI  ;01465720694;Costi Variabili;Food;Variabile
FRANZ HAAS SRL;01563890217;Costi Variabili;Beverage;Variabile
FRATELLI NASINI SRL;04911611004;Costi Variabili;Food;Variabile
FRIGO 2000 SERVICE SRL;02635110964;Altri Costi Fissi;Manutenzione Macchinari;Fisso
FRISION SARL;61349719419;Altri Costi Fissi;Attrezzature Cucina;Fisso
FRUTTA DI ECCELLENZA SRLS;14724931002;Costi Variabili;Food;Variabile
FRUTTETO CASAGRANDE S.R.L.;12284630154;Costi Variabili;Food;Variabile
Full Time Events;00000000000;Altri Costi Variabili;Noleggi;Variabile
FULVI DANIELE;13062831006;Costi Variabili;Carburante;Variabile
FUMAGALLI SRL;00704750157;Altri Costi Fissi;Altre Forniture;Fisso
FUN HOLDING SRL;02137380545;Altri Costi Variabili;Materiali di Consumo;Variabile
FUNG8 SRLS;15057711002;Costi Variabili;Food;Variabile
FURLANI WALTER SRL;00718050966;Altri Costi Fissi;Manutenzione Generica;Fisso
FusionEat Srls;02018100764;Costi Variabili;Food;Variabile
FUTURA 14 S.r.l.;12727931003;Costi Variabili;Beverage;Variabile
FUTURENERGY RINNOVABILE S.R.L.;10483110010;Utenze;Energia Elettrica;Fisso
G LAB MILANO SRL;09371290967;Altri Costi Fissi;Attrezzature Sala;Fisso
G.P.A. MILANO S.r.l;11339450154;Investimenti;Investimenti;Investimenti
G.R.T. srl;00000000000;Costi Variabili;Food;Variabile
G.S. SRL;08136621219;Costi Variabili;Beverage;Variabile
G&M DESIGN & TECHNOLOGIES S.R.L.S.;14272681009;Altri Costi Fissi;Attrezzature Cucina;Fisso
G3 Soluzioni SRL;00000000000;Altri Costi Variabili;Allestimento eventi;Variabile
GAIJIN SRL;10364500966;Altri Costi Fissi;Rappresentanza;Fisso
GAJA DISTRIBUZIONE DI GIORDANO LUCIA & C. S.A.S.;00522110048;Costi Variabili;Beverage;Variabile
GAJA SOCIETA' SEMPLICE AGRICOLA;02062800046;Costi Variabili;Beverage;Variabile
GALASSI FERRUCCIO;02028600688;Costi Variabili;Food;Variabile
GALBUSERA GIUSEPPE SRL;07712660153;Costi Variabili;Food;Variabile
GALIZIA SRL UNIPERSONALE;08321010723;Altri Costi Fissi;Altre Forniture;Fisso
GALLI INNOCENTI E C. SPA;00960221000;Altri Costi Fissi;Manutenzione Generica;Fisso
GAMBA s.r.l.;00248230419;Altri Costi Variabili;Materiali di Consumo;Variabile
Gambardella Guido;00000000000;Altri Costi Variabili;Fotografo;Variabile
Garbaglia Fruit srl;00000000000;Costi Variabili;Food;Variabile
GAT SRL GRUPPO ASSISTENZA TECNICA;04324870965;Altri Costi Fissi;Manutenzione Generica;Fisso
GECASA SRL;10656071007;Altri Costi Variabili;Materiali di Consumo;Variabile
GELMINI CARLO S.R.L.;01425280151;Costi Variabili;Food;Variabile
GELO TEAM S.R.L.;16230361004;Investimenti;Investimenti;Investimenti
Generali Italia S.p.A.;01333550323;Altri Costi Fissi;Assicurazioni;Fisso
GEOX RETAIL S.R.L.;05563231009;Altri Costi Fissi;Abiti lavoro;Fisso
Ger.Mar. s.a.s. di Marinaro Luigi Alessandro e Marinaro Stefano & C.;08265170152;Altri Costi Variabili;Noleggi;Variabile
GERA COMPANY SRL;09797331213;Altri Costi Variabili;Materiali di Consumo;Variabile
GFG Pyro Fuochi Artificiali;02263630036;Altri Costi Fissi;Altre Forniture;Fisso
GHIBAUDO MARCO;00000000000;Altri Costi Fissi;Consulenza;Fisso
Gian Paolo e Giovanni Cavalleri  Società Agricola - s.s.;00647120989;Costi Variabili;Beverage;Variabile
Gicaprice srls;05394940653;Altri Costi Variabili;Materiali di Consumo;Variabile
GIMA SICUREZZA SRL Attrezzature per la Ristorazione;10309651007;Altri Costi Fissi;Attrezzature Cucina;Fisso
Gin Lane Srls;16901791000;Costi Variabili;Beverage;Variabile
GIOIA GROUP SRL;11987390017;Costi Variabili;Beverage;Variabile
GIOIA S.P.A.;08334131003;Costi Variabili;Beverage;Variabile
Giorgi SRL;00000000000;Altri Costi Fissi;Manutenzione Generica;Fisso
Giorgia Manasse;00000000000;Altri Costi Variabili;Allestimento eventi;Variabile
Giovannetti Cibus Naturalis srl;00000000000;Costi Variabili;Food;Variabile
GIROMARI SRL;02063150417;Altri Costi Fissi;Attrezzature Sala;Fisso
GLOBAL MEDIA PRODUCTION S.R.L.;15382771002;Costi Variabili;Beverage;Variabile
GNS SRLS;00000000000;Altri Costi Variabili;Service;Variabile
GOODMORNING PAPER SRL;02438920205;Altri Costi Variabili;Materiali di Consumo;Variabile
Google;00000000000;Altri Costi Fissi;Spese Sponsorizzazione;Fisso
GOPACK S.R.L. a socio unico;01793450196;Altri Costi Variabili;Materiali di Consumo;Variabile
GORLA ENERGIA SRL;03708400134;Utenze;Gas;Fisso
GOURMET 3000 SRL;02093600225;Costi Variabili;Food;Variabile
Gourmet Services Srl;01792490672;Altri Costi Fissi;Attrezzature Cucina;Fisso
Gova srl;00000000000;Costi Variabili;Food;Variabile
Grace Creative di Grazia Frisia Esposito;00000000000;Altri Costi Variabili;Allestimento eventi;Variabile
GRACOS SRL;09331311002;Altri Costi Variabili;Materiali di Consumo;Variabile
GRAN GALA EXCELSIOR SRL;00000000000;Altri Costi Variabili;Noleggi;Variabile
Gran Sasso Monti della Laga SRL;00000000000;Costi Variabili;Food;Variabile
GRAND HOTEL IRPINIA PE.SO.SRL;00523060648;Altri Costi Fissi;Rappresentanza;Fisso
GRANFACTORY SRL;12581070963;Altri Costi Fissi;Attrezzature Cucina;Fisso
GRATTONI 1892 S.R.L.;03004720300;Altri Costi Fissi;Altre Spese;Fisso
GRENKE LOCAZIONE S.R.L.;13187000156;Altri Costi Fissi;Software;Fisso
Groupe Seb Italia S.p.A.;00000000000;Altri Costi Fissi;Altre Forniture;Fisso
Groupe Seb Italia S.p.A.;00855270153;Altri Costi Fissi;Altre Spese;Fisso
GRUPPO ARGENTI S.R.L.;14552501000;Costi Variabili;Food;Variabile
GRUPPO BUFFETTI SPA;04533641009;Altri Costi Variabili;Materiali di Consumo;Variabile
GRUPPO NEGOZI SRL;03004850982;Costi Variabili;Food;Variabile
GRUPPO SDA S.r.l.;00000000000;Altri Costi Variabili;Materiali di Consumo;Variabile
GRUPPO TERA SRL;07970591215;Altri Costi Variabili;Materiali di Consumo;Variabile
GTO srl;12256430963;Altri Costi Fissi;Altre Spese;Fisso
Gufo 2011 SRL;00000000000;Altri Costi Fissi;Abiti lavoro;Fisso
GUIDO BERLUCCHI & C.SPA-SOCIO UNICO;01604750172;Costi Variabili;Beverage;Variabile
GUP - Cherubini GUP S.r.l.;00000000000;Altri Costi Variabili;Noleggi;Variabile
HANNA INSTRUMENTS ITALIA SRL A SOCIO UNICO;04211270287;Altri Costi Fissi;Materiali di Cucina;Fisso
HARDY SRL;00734840150;Costi Variabili;Beverage;Variabile
HEALAN INGREDIENTS SRL;02418830507;Costi Variabili;Food;Variabile
HI LITE NEXT SRL;08266520967;Investimenti;Investimenti;Investimenti
High Quality Food S.p.A.;08309911009;Costi Variabili;Food;Variabile
HOME srl;08129770965;Investimenti;Investimenti;Investimenti
Hordeum S.r.l. Società Agricola;02356340030;Costi Variabili;Beverage;Variabile
Hotel Londra S.P.A.;00425930484;Altri Costi Fissi;Rappresentanza;Fisso
HU SUILI;00000000000;Costi Variabili;Food;Variabile
Huber Andreas;02501730218;Costi Variabili;Beverage;Variabile
HW STYLE S.R.L.;01900880160;Altri Costi Fissi;Manutenzione Verde;Fisso
I & S - S.R.L.S;14331401001;Altri Costi Fissi;Attrezzature Cucina;Fisso
I 4 Mastri S.n.c.;04904280965;Costi Variabili;Food;Variabile
I.WAI FOOD S.R.L.;08075820962;Costi Variabili;Food;Variabile
IBERICOS PEREZ DE SEVILLA S.L.;00044658599;Costi Variabili;Food;Variabile
ICA SRL;07862550154;Altri Costi Fissi;Attrezzature Sala;Fisso
ICARO SRL;03089040236;Costi Variabili;Beverage;Variabile
ICE CUBE SRL;08935371008;Costi Variabili;Beverage;Variabile
ICE CUBE SRL UNIPERSONALE;07986761000;Costi Variabili;Beverage;Variabile
ICE GROUP  S.R.L.;12108061008;Costi Variabili;Food;Variabile
ICE SYSTEM DI NEBULONI CARLO ANGELO;09348960965;Altri Costi Fissi;Manutenzione Macchinari;Fisso
Ida Urgolo;00000000000;Altri Costi Fissi;Lavanderia;Fisso
IDEA UFFICIO SRL;11246240151;Altri Costi Variabili;Materiali di Consumo;Variabile
Idraulica Gazometro di Daniele Di Pietro;13609071009;Altri Costi Fissi;Manutenzione Impianti;Fisso
IFER DI BERNOCCHI BRUNO E SIMONE SNC;01388750158;Altri Costi Fissi;Manutenzione Generica;Fisso
IFIS RENTAL SERVICES S.R.L.;04570150278;Altri Costi Fissi;Altre Spese;Fisso
Ikea Italia Retail Srl;02992760963;Altri Costi Fissi;Altre Forniture;Fisso
Il Bazar di Zhou Yi;00000000000;Altri Costi Variabili;Materiali di Consumo;Variabile
IL CENTRO CONTABILE SRL;03415280100;Altri Costi Fissi;Altre Forniture;Fisso
IL CESTO COOPERATIVA SOCIALE;02340800990;Altri Costi Fissi;Altre Spese;Fisso
Il Mosnel di Emanuela Barboglio e Figli Società Agricola Semplice;02712810981;Costi Variabili;Beverage;Variabile
IL PUNTO ESCLAMATIVO DI GULIZIA CHRISTIAN;06058060481;Altri Costi Variabili;Materiali di Consumo;Variabile
Il Re della Festa SRLS;00000000000;Altri Costi Variabili;Allestimento eventi;Variabile
Il Rosso e Il Nero S.a.s.;07487880960;Costi Variabili;Beverage;Variabile
IMBALLAGGI 360 SRL;02736360419;Altri Costi Variabili;Packaging;Variabile
IMPRESA MGP SRL;08191500969;Investimenti;Investimenti;Investimenti
INCARICO SERVICE s.r.l.;02602670602;Altri Costi Variabili;Materiali di Consumo;Variabile
INDEED IRELAND OPERATIONS LTD;0IE9820958W;Altri Costi Fissi;Altre Spese;Fisso
INDUSTRIAL FOOD MANUFACTURE SRL;12141360961;Costi Variabili;Food;Variabile
INFITTO - SOCIETA' A RESPONSABILITA' LIMITATA;00000000000;Affitto;Affitto;Fisso
InfoCamere S.C.p.A.;02313821007;Altri Costi Fissi;Spese Amministrative;Fisso
INFOCERT S.p.A.;07945211006;Altri Costi Fissi;Spese Amministrative;Fisso
Ing. POLIN E C. S.p.A.;00211880232;Investimenti;;Investimenti
INTECOR S.R.L.S.;02737790903;Costi Variabili;Beverage;Variabile
Intesa San Paolo;00000000000;Altri Costi Fissi;Spese Bancarie;Fisso
INTORNO AL CIBO S.R.L.;07090560967;Costi Variabili;Food;Variabile
IPER MONTEBELLO SPA  Dir.Coord.Finiper Canova Group SpA?Reg Imp MI 97471310157;03585750155;Costi Variabili;Food;Variabile
IPERCASH SRLS;14097791009;Costi Variabili;Food;Variabile
Iperwood SRL società benefit;00000000000;Altri Costi Fissi;Manutenzione generica;Fisso
IREN ACQUA S.P.A.;02863660359;Utenze;Acqua;Fisso
Isabella e Figli SRLSU;02666580994;Costi Variabili;Food;Variabile
ISC s.r.l.;05786380658;Costi Variabili;Food;Variabile
ISPIRATO GIORGIO;08892050967;Altri Costi Fissi;Altre Spese;Fisso
ISTITUTO DI VIGILANZA DELL'URBE SPA;11548161006;Altri Costi Fissi;Altre Spese;Fisso
ITAKA S.R.L.;04958250260;Altri Costi Fissi;Marketing;Fisso
ITALESSE S.R.L;00974280323;Altri Costi Fissi;Attrezzature Cucina;Fisso
Italiaonline S.p.A.;03970540963;Altri Costi Fissi;Marketing;Fisso
Italo - Nuovo Trasporto Viaggiatori S.p.A.;09247981005;Altri Costi Fissi;Rappresentanza;Fisso
ITALPARTS SRL;08831990968;Altri Costi Variabili;Materiali di Consumo;Variabile
ITECOM DI BAGAGLINI VINCENZO & C. SNC;00000000000;Investimenti;Investimenti;Investimenti
ITTICA MOCERI  SRL;02601840818;Costi Variabili;Food;Variabile
ITTICA URBANO SRL;10903181005;Costi Variabili;Food;Variabile
ITX ITALIA SRL;11209550158;Altri Costi Fissi;Attrezzature Cucina;Fisso
Iwird SRK;00000000000;Altri Costi Variabili;Allestimento Eventi;Variabile
JERMANN S.R.L. - Società Agricola;01123130310;Costi Variabili;Beverage;Variabile
JFC ITALIA S.R.L.;09891220965;Costi Variabili;Food;Variabile
JOLANDA DE COLO' SPA;02428010306;Costi Variabili;Food;Variabile
Just-Eat Italy S.r.l;07392740960;Altri Costi Variabili;Commissioni;Variabile
Kasanova S.p.A.;00743020968;Altri Costi Fissi;Altre Forniture;Fisso
KASTHALL SRL;02703340139;Altri Costi Fissi;Altre Forniture;Fisso
Kellerei Bozen Gen. landw. Ges.;00121460216;Costi Variabili;Beverage;Variabile
Kellerei Schreckbichl Gen. Landw. Ges.;00126870211;Costi Variabili;Beverage;Variabile
KELLEREI TERLAN - CANTINA PRODUTTORI TERLANO COOPERATIVA SOCIETÁ AGRICOLA;00099510216;Costi Variabili;Beverage;Variabile
Kellereigen. Girlan Landw. Gesellschaft;00124770215;Costi Variabili;Beverage;Variabile
KROMA STUDIO S.R.L.S.;02734210996;Altri Costi Fissi;Marketing;Fisso
L'AFFICHE DI ADRIANO MEI GENTILUCCI E C. SAS;04768560155;Altri Costi Fissi;Altre Forniture;Fisso
L'ATELIER S.R.L.;00000000000;Costi Variabili;Food;Variabile
L'ECO DELLA STAMPA S.p.A.;06862080154;Altri Costi Fissi;Altre Spese;Fisso
LA BIOTECNICA SNC;02552570109;Altri Costi Fissi;Manutenzione Generica;Fisso
LA BOTTEGA S.P.A.;00827450420;Altri Costi Variabili;Materiali di Consumo;Variabile
La Casa della Porchetta srl di Angelo De Nicola;10363311001;Costi Variabili;Food;Variabile
LA CASA IBERICA Srl;10107260969;Costi Variabili;Food;Variabile
LA DOLCERIA SRL A SOCIO UNICO;03983700166;Costi Variabili;Food;Variabile
LA EMME S.R.L.;16295221002;Costi Variabili;Food;Variabile
LA MADIA S.A.S. DI GIULIA DE MARINIS E C.;09979530152;Costi Variabili;Food;Variabile
LA NEF SPA;01471840429;Costi Variabili;Food;Variabile
LA PASTICCIONA S.A.S. DI VALLE ADALISA;00000000000;Costi Variabili;Food;Variabile
Lacerba S.r.l.;16668621002;Altri Costi Fissi;Rappresentanza;Fisso
LARIO MI AUTO SRL;13237080158;Altri Costi Fissi;Automezzi;Fisso
LAUNDRY SERVICE S.R.L.;10767430969;Altri Costi Fissi;Lavanderia;Fisso
LAURENT-PERRIER ITALIA SPA;03380221204;Costi Variabili;Beverage;Variabile
LAVANDERIA CARLO S.N.C. DI ABDELMALAK MONIR E C.;11647410965;Altri Costi Fissi;Lavanderia;Fisso
Lavanderia Da Vinci srl;12053340969;Altri Costi Fissi;Lavanderia;Fisso
LAVORINFERRO SAS LAVORINFERRO SAS;00000000000;Altri Costi Fissi;Manutenzione generica;Fisso
LCA Studio Legale;04385250966;Altri Costi Fissi;Consulenza;Fisso
LCW GROUP ITALIA SRL;09101930965;Altri Costi Fissi;Manutenzione Generica;Fisso
LE CAPANNE SOCIETA' AGRICOLA S.S.;02226610513;Costi Variabili;Beverage;Variabile
LE DELIZIE DELLA PUGLIA;07350930728;Costi Variabili;Food;Variabile
Leonia;15410981003;Altri Costi Variabili;Noleggi;Variabile
Leroy Merlin Italia srl;05602710963;Altri Costi Fissi;Altre Forniture;Fisso
LES CAVES DE PYRENE SRL;11528420018;Costi Variabili;Beverage;Variabile
LES CRETES SOC .AGR. DI CHARRERE & C. S.S.;00520450073;Costi Variabili;Beverage;Variabile
LES GRANDS CRUS SRL;01782190498;Costi Variabili;Beverage;Variabile
LEVII SRL SOCIETA' AGRICOLA;02281240206;Costi Variabili;Beverage;Variabile
LIDL ITALIA SRL a socio unico;02275030233;Costi Variabili;Food;Variabile
Lightsound SRL;00000000000;Altri Costi Variabili;Service;Variabile
LiiT SRL - Cartaria Italiana;00872130158;Altri Costi Variabili;Packaging;Variabile
LINGOTTO HOTELS SRL - NH Lingotto Congress;06802310018;Altri Costi Fissi;Rappresentanza;Fisso
Lis Neris s.s. Agricola;01105930315;Costi Variabili;Beverage;Variabile
LITRICO GIORGIO;10735990151;Altri Costi Fissi;Abiti lavoro;Fisso
LIVIO FELLUGA S.R.L.;00438150310;Costi Variabili;Beverage;Variabile
Lo Nardo Massimiliano;00000000000;Altri Costi Variabili;Fotografo;Variabile
LOADING ITALIA DI LASCALA GIANLUCA;03620410138;Altri Costi Fissi;Software;Fisso
LOCALIARREDA SRL;14531251008;Investimenti;Investimenti;Investimenti
Lollobattista Marco;17505281000;Altri Costi Fissi;Marketing;Fisso
LONGHI FUNGHI S.R.L.;07306900965;Costi Variabili;Food;Variabile
Longino & Cardenal S.p.A.;10994990157;Costi Variabili;Food;Variabile
Longo Alfredo;12462251005;;;
LOWOOD ARREDAMENTI S.R.L.S.;00000000000;Altri Costi Variabili;Allestimento eventi;Variabile
Luce e Design Srl;00000000000;Altri Costi Fissi;Manutenzione Generica;Fisso
LUDE SRL;13255090964;Altri Costi Fissi;Abiti lavoro;Fisso
LUIGI LAVAZZA SPA;00470550013;Costi Variabili;Caffè;Variabile
LUMINARIE LUCIO GUAGLIATA  DI GUAGLIATA  ANDREA & SNC;03262390101;Altri Costi Fissi;Altre Spese;Fisso
LY MOUSSA;03033700125;Altri Costi Fissi;Altre Spese;Fisso
LYRECO ITALIA SRL;11582010150;Altri Costi Variabili;Materiali di Consumo;Variabile
M.G. SRL;02388780690;Costi Variabili;Food;Variabile
MAC. GINO SAS;03548880107;Costi Variabili;Food;Variabile
Macaron.it Srl;15312691007;Costi Variabili;Food;Variabile
MAESTRIPIERI SRL;03804230104;Altri Costi Variabili;Materiali di Consumo;Variabile
MAGAZZINI GABRIELLI SPA SOGGETTA A DIREZIONE E COORDINAMENTO DI FG HOLDING SPA;00000000000;Costi Variabili;Food;Variabile
Magic Party sas di Sarti Giorgia & c.;12881810159;Altri Costi Variabili;Allestimento Eventi;Variabile
Magisrent S.R.L.;00000000000;Altri Costi Variabili;Noleggi;Variabile
Magnum Group SRL;00000000000;Altri Costi Fissi;Marketing;Fisso
MAGRIS S.p.A.;01627080169;Altri Costi Fissi;Noleggi;Fisso
MAGRIS Servizi S.p.A.;01792020354;Altri Costi Fissi;Noleggi;Fisso
MAISONS DU MONDE ITALIA SRL;04959630965;Altri Costi Fissi;Rappresentanza;Fisso
MAJOLINI S.R.L. SOCIETA' AGRICOLA;01878710175;Costi Variabili;Beverage;Variabile
MANA SRL;17330761002;Altri Costi Variabili;Materiali di Consumo;Variabile
MANGIALARDI NICOLA MAURIZIO;01938720990;Altri Costi Variabili;Materiali di Consumo;Variabile
Manifatture Toscane TA-BRU SpA;00407370485;Altri Costi Fissi;Manutenzione Generica;Fisso
Manolo Greco;00000000000;Altri Costi Variabili;Fotografo;Variabile
MARCHESI ANTINORI SPA;05087460480;Costi Variabili;Beverage;Variabile
Marchesi Frescobaldi Societa Agricola S.r.l.;01770300489;Costi Variabili;Beverage;Variabile
MARCHIANTE S.p.A.;02926740156;Costi Variabili;Food;Variabile
MARCHISELLA & FIGLI S.N.C.;02876950961;Costi Variabili;Food;Variabile
MARCO POLO SERVICE SRLS UNIPERS.;00000000000;Altri Costi Fissi;Manutenzione Generica;Fisso
MAREA SOLARE S.R.L;11465680962;Costi Variabili;Food;Variabile
Maria Sole De Angelis;00000000000;Altri Costi Variabili;Allestimento eventi;Variabile
Maria Vittoria Pesino;00000000000;Altri Costi Variabili;Allestimento eventi;Variabile
MARILISA ALLEGRINI S.R.L.;03873710234;Costi Variabili;Beverage;Variabile
Marini Pierino & Silvano SNC;00000000000;Costi Variabili;Food;Variabile
MARINO E C.SNC DI MARINO GIANLUCA;05821720157;Altri Costi Fissi;Altre Forniture;Fisso
MARR SPA;00000000000;Costi Variabili;Food;Variabile
MASANIELLO II SRL;00000000000;Costi Variabili;Food;Variabile
MASCIARELLI Tenute Agricole s.r.l.;02442790693;Costi Variabili;Beverage;Variabile
Masi Agricola SpA;03546810239;Costi Variabili;Beverage;Variabile
Massimo Guadagno;12575520965;Altri Costi Fissi;Altre Forniture;Fisso
MASSOLINO GIUSEPPE AZ.AGR. VIGNA RIONDA - MASSOLINO F.LLI;01036180048;Costi Variabili;Beverage;Variabile
MASTROBERARDINO SOCIETA' AGRICOLA S.R.L.;02126850649;Costi Variabili;Beverage;Variabile
Matteo Codispoti;00000000000;Costi Variabili;Food;Variabile
MAVERNA CLAUDIO ;01244410187;Altri Costi Fissi;Altre Spese;Fisso
MAVOLO ANTONIO S.R.L.;04056740287;Costi Variabili;Beverage;Variabile
MAXI COMMUNICATION ADV SRL;00000000000;Altri Costi Fissi;Consulenza;Fisso
MBA MANUTENZIONI E LAVORI EDILI  DI MBARK AIT AICHTE;11391590962;Altri Costi Fissi;Manutenzione Generica;Fisso
MBST DI SARA TREVENEN & C. SAS;00000000000;Altri Costi Fissi;Rappresentanza;Fisso
MCS & Partners Srl;07648640964;Altri Costi Fissi;Marketing;Fisso
MDXL S.R.L.;10005791214;Costi Variabili;Beverage;Variabile
ME PRODUCTION S.R.L.;11387571000;Altri Costi Fissi;Marketing;Fisso
Medagliani Srl Unipersonale;09252930962;Altri Costi Fissi;Attrezzature Cucina;Fisso
MediaMarket S.p.A. con Socio Unico;00000000000;Altri Costi Fissi;Marketing;Fisso
MEDICAIR INDUSTRY S.R.L.;10649500153;Altri Costi Fissi;Altre Forniture;Fisso
MEGA DOLCIARIA SRL;05200501004;Costi Variabili;Food;Variabile
MELLONI s.r.l.;10429280968;Altri Costi Fissi;Rappresentanza;Fisso
MENODICIOTTO MILANO SRL;08791810966;Costi Variabili;Food;Variabile
MENU'   S.R.L.;00333120368;Costi Variabili;Food;Variabile
MERCATONE CHEN SAS DI CHEN SIMIN;08090280960;Altri Costi Fissi;Altre Forniture;Fisso
Mercò srl;14856331005;Altri Costi Variabili;Materiali di Consumo;Variabile
MEREGALLI GIUSEPPE SPA;00845920966;Costi Variabili;Beverage;Variabile
MESSERE PORTE SRL;06323661006;Altri Costi Fissi;Altre Forniture;Fisso
Meta;00000000000;Altri Costi Fissi;Spese Sponsorizzazione;Fisso
METRO Italia S.p.A.;02827030962;Costi Variabili;Food;Variabile
METRO Markets GmbH;00334679990;Costi Variabili;Food;Variabile
MG DOLCIARIA S.R.L.S.;00000000000;Costi Variabili;Food;Variabile
MGM S.R.L.;11148040154;Costi Variabili;Food;Variabile
MI MARKET SRL;08925900964;Altri Costi Fissi;Altre Forniture;Fisso
Mi.Fi. Srls;00000000000;Altri Costi Fissi;Consulenza;Fisso
Michele Satta Soc. semp. Agricola;01820180493;Costi Variabili;Beverage;Variabile
MICHETTI SAS DI G.M.;16253611004;Costi Variabili;Food;Variabile
MILANI SPA;00809790132;Costi Variabili;Food;Variabile
MILANO TARTUFI srl;09604400961;Costi Variabili;Food;Variabile
Mille Articoli di Chen Huan You;00000000000;Altri Costi Variabili;Materiali di Consumo;Variabile
MINAZZI ADALBERTO;01222970129;Altri Costi Fissi;Consulenza;Fisso
MINERALBIRRA S.R.L.;00543770341;Costi Variabili;Beverage;Variabile
MISHA SRL;08432460965;Altri Costi Fissi;Altre Forniture;Fisso
Mitili & Mitili di Panarelli A. e A.;01486380114;Costi Variabili;Food;Variabile
MIXER SRL;02269940249;Altri Costi Variabili;Materiali di Consumo;Variabile
MM PUNTO IDEA srl;11001061008;Altri Costi Fissi;Altre Forniture;Fisso
MM S.p.A;01742310152;Utenze;Acqua;Fisso
MOCHETTI ANTONIO;12413950960;Altri Costi Variabili;Fotografo;Variabile
Mochi SRL;00000000000;Costi Variabili;Food;Variabile
Moët Hennessy Italia SpA;12054020156;Costi Variabili;Beverage;Variabile
Molinari Italia S.p.a.;03710791009;Costi Variabili;Beverage;Variabile
Molinaro Federico;15515451001;Costi Variabili;Food;Variabile
MONDADORI RETAIL SPA;11022370156;Altri Costi Fissi;Rappresentanza;Fisso
MONDI DOMENICO;00000000000;Costi Variabili;Food;Variabile
Mondo Alimenti 2.0 Srl;00000000000;Costi Variabili;Food;Variabile
Mondo office srl;00000000000;Altri Costi Variabili;Materiali di Consumo;Variabile
MONGIARDO STEFANO;04622550962;Altri Costi Fissi;Manutenzione Generica;Fisso
Monopoli di Monopoli  D. e S. S.a.s.;08263410154;Altri Costi Fissi;Manutenzione Impianti;Fisso
MONSUPELLO EREDI DI BOATTI CARLO SOCIETA' AGRICOLA;02347350189;Costi Variabili;Beverage;Variabile
MONTENEGRO S.R.L.;12654600159;Costi Variabili;Beverage;Variabile
MOON IMPORT DI MONGIARDINO G. SRL;02222850105;Costi Variabili;Beverage;Variabile
MOSCHINI PAOLO;09387650964;Altri Costi Fissi;Consulenza;Fisso
MOSER FRANCESCO SOC.SEMPLICE AGRICOLA;02668000223;Costi Variabili;Beverage;Variabile
Music Hall SNC;00000000000;Altri Costi Variabili;Service;Variabile
MUSICALSTORE2005.COM S.R.L.;06762420724;Altri Costi Variabili;Allestimento Eventi;Variabile
MYLAE DULCIS SRL;06698110969;Costi Variabili;Food;Variabile
Myprintservice srl;00000000000;Altri Costi Variabili;Allestimento eventi;Variabile
NACHO LIBRE SRL;17266371008;Costi Variabili;Food;Variabile
Napoleoni SRL;00000000000;Costi Variabili;Food;Variabile
Natural Sarda;02710430923;Costi Variabili;Food;Variabile
NATURAL SHOES SRL;11900051001;Altri Costi Fissi;Abiti lavoro;Fisso
NBG IN SRL;02567060120;Altri Costi Fissi;Altre Forniture;Fisso
Nebula Strategy Srl;11126360962;Altri Costi Fissi;Marketing;Fisso
NEMBRI FABRIZIO S.R.L.;04239260161;Altri Costi Fissi;Manutenzione Impianti;Fisso
Neo Tech s.r.l.;05279610967;Altri Costi Fissi;Manutenzione Impianti;Fisso
NESPRESSO ITALIANA SPA;00000000000;Costi Variabili;Beverage;Variabile
Netsons s.r.l.;01838660684;Altri Costi Fissi;Software;Fisso
New Light Studio SRLS;00000000000;Altri Costi Variabili;Fotografo;Variabile
Nexi Payments SpA;10542790968;Altri Costi Fissi;Spese Amministrative;Fisso
NICOLA GATTA AGRICOLA;04037270982;Costi Variabili;Beverage;Variabile
Nicola Pantaleo;00000000000;Costi Variabili;Food;Variabile
NIMS SPA;00000000000;Costi Variabili;Beverage;Variabile
Nipponia SRL;06508721005;Costi Variabili;Food;Variabile
NIZZA SILVANO;02834700045;Costi Variabili;Beverage;Variabile
Nois di Puddu Antonio Az. Agricola;01528670910;Costi Variabili;Beverage;Variabile
NONINO DISTILLATORI S.R.L.;02588990305;Costi Variabili;Beverage;Variabile
NOORD UFFICI SAS;01740370133;Altri Costi Fissi;Software;Fisso
Nosilence Eventi SRL;00000000000;Altri Costi Fissi;Marketing;Fisso
NOSIO S.p.A.;04440220962;Costi Variabili;Beverage;Variabile
Nova;01836651008;Altri Costi Fissi;Altre Spese;Fisso
Now Diagnostics Europe Srl;12942011003;Altri Costi Fissi;Altre Spese;Fisso
NTA srl;00000000000;Altri Costi Variabili;Noleggi;Variabile
NUOVA ANGELO TURATI S.R.L.;07614280969;Costi Variabili;Food;Variabile
Nuova Artica Refrigerazione S.n.c. di Andora Paolo & C.;02580310999;Altri Costi Fissi;Manutenzione Impianti;Fisso
NUOVA NEON FINETTI S.N.C.;03146520105;Altri Costi Fissi;Altre Forniture;Fisso
Nuova vetreria 2022 Srl;00000000000;Altri Costi Fissi;Manutenzione Generica;Fisso
OASI GHIACCIO DI KONE ABDOUL;16998811000;Costi Variabili;Food;Variabile
OBERTO S.R.L. a Socio Unico;01703760049;Costi Variabili;Food;Variabile
Obiettivo Clienti s.r.l.s.;00000000000;Altri Costi Fissi;Marketing;Fisso
OFFICE DEPOT ITALIA SRL;00000000000;Altri Costi Variabili;Materiali di Consumo;Variabile
OFFLINE S.N.C. DI FEDERICO ANDREA DI DIO E ALESSANDRO AGNELLINI;13337560968;Altri Costi Fissi;Altre Forniture;Fisso
OLEARIA LOSITO DI LOSITO ROBERTO;12143920150;Costi Variabili;Food;Variabile
ONE RETAIL GROUP LI.MITED;DE300256313;Altri Costi Fissi;Altre Forniture;Fisso
ONESTIGROUP S.P.A.;00934460338;Costi Variabili;Beverage;Variabile
Onyon S.r.l.;12310180018;Altri Costi Fissi;Altre Forniture;Fisso
Oriolo SRL;00000000000;Costi Variabili;Food;Variabile
Ornellaia e Masseto Societa Agricola S.r.l.;01329080491;Costi Variabili;Beverage;Variabile
Oro del Mediterraneo;02875000818;Costi Variabili;Food;Variabile
OTTELLA (B) Di Francesco e Michele Montresor ssa;03867510236;Costi Variabili;Beverage;Variabile
OUTLET CAFFE SRL;02944860648;Altri Costi Variabili;Materiali di Consumo;Variabile
OYSTER OASIS SRL;08688180960;Costi Variabili;Food;Variabile
P.& B.LINE SAS;01320140435;Altri Costi Fissi;Manutenzione Generica;Fisso
PALMA LIPPOLIS;14145301009;Altri Costi Fissi;Altre Spese;Fisso
Pambianchi Simona;00000000000;Costi Variabili;Food;Variabile
PANIFICIO COSTA SRL;08958130968;Costi Variabili;Food;Variabile
Panificio Passi SRL;10321851007;Costi Variabili;Food;Variabile
PANIFICIO PUGLIESE PANIFICIO DEI F.LLI PUGLIESE S.R.L.;13334840967;Costi Variabili;Food;Variabile
PANIFICIO PUGLIESE PANIFICIO DEI F.LLI PUGLIESE S.R.L.;07154160159;Costi Variabili;Food;Variabile
PANONTIN S.R.L.;00808570154;Costi Variabili;Food;Variabile
PANPIZZA SRL;03856440163;Costi Variabili;Food;Variabile
PANZERA MILANO S.R.L. - societa' unipersonale;08728390967;Costi Variabili;Food;Variabile
Partesa S.R.L.;00000000000;Costi Variabili;Beverage;Variabile
Party & Particolari Eventi s.r.l.s.;00000000000;Altri Costi Variabili;Allestimento eventi;Variabile
PARTY ON THE ROAD S.R.L.;00000000000;Altri Costi Variabili;Allestimento eventi;Variabile
Pasqua Vigneti e Cant spa;02907550236;Costi Variabili;Beverage;Variabile
Passion France S.N.C. di Vittorio Viganò, Fabio Merlo & C.;10504270967;Costi Variabili;Beverage;Variabile
PASTA GIRARDI BUSINESS SRL;11829070017;Costi Variabili;Food;Variabile
PASTICCERIA FRATELLI PALMIERI S.R.L;00000000000;Costi Variabili;Food;Variabile
PASTIFICIO MARCELLO SRL;07352690965;Costi Variabili;Food;Variabile
Pastificio Secondi Srl;11054711004;Costi Variabili;Food;Variabile
PATATAS NANA S.R.L.;02747550420;Costi Variabili;Food;Variabile
PAULONIA SRL;04509860161;Altri Costi Fissi;Altre Spese;Fisso
Pavoni Italia S.p.A.;00884290164;Altri Costi Fissi;Attrezzature Cucina;Fisso
PEQ AGRI SOC. AGRICOLA A R.L.;01789920095;Costi Variabili;Beverage;Variabile
PEREGO LILIANA SRLS;17226891004;Altri Costi Variabili;Materiali di Consumo;Variabile
PERFETTA ROMA SRLS;13622781006;Altri Costi Variabili;Noleggi;Variabile
PERUSINI SOCIETA' AGRICOLA SOCIETA' SEMPLICE;03033320304;Costi Variabili;Beverage;Variabile
PESCAJA SOCIETA' SEMPLICE AGRICOLA;01703260057;Costi Variabili;Beverage;Variabile
Pesce Neon di Pesce Luigi e C. S.n.c.;01882351008;Altri Costi Fissi;Altre Forniture;Fisso
Pesce Neon Servizi S.r.l.s.;14087281003;Altri Costi Fissi;Altre Forniture;Fisso
PESCONIL S.L.;00072131519;Costi Variabili;Food;Variabile
PEZZONI ALESSANDRO;03748350166;Altri Costi Fissi;Manutenzione Verde;Fisso
PHILARMONICA S.R.L.;02197690981;Costi Variabili;Beverage;Variabile
PIANETA COSPEA SRL;01967130541;;;
PIAZZA PEPPINO S.R.L.;01515540340;Costi Variabili;Food;Variabile
Picardo;00000000000;Altri Costi Variabili;Service;Variabile
Pioda Imaging SRL;00000000000;Altri Costi Variabili;Allestimento eventi;Variabile
PIRAMIDE CASA Srl;14839091007;Altri Costi Variabili;Materiali di Consumo;Variabile
PIROTECNICA PLATINUM;05591010656;Altri Costi Variabili;Materiali di Consumo;Variabile
PIXARTPRINTING SPA;04061550275;Altri Costi Variabili;Materiali di Consumo;Variabile
Planet srl;00000000000;Costi Variabili;Food;Variabile
PLUSTIK SERVICE SRL;00000000000;Altri Costi Variabili;Materiali di Consumo;Variabile
PODERE ROCCHE DEI MANZONI DI VALENTINO SAS DI MIGLIORINI R;00636850042;Costi Variabili;Beverage;Variabile
POGGIO DELL'AQUILA SRL SOC.AGR.;14219631000;Costi Variabili;Beverage;Variabile
POGGIO DININFA Società Semplice Agricola;05424100658;Costi Variabili;Food;Variabile
POLETTI FRANCESCA MARIA;05894920965;Altri Costi Fissi;Consulenza;Fisso
POLLERIA IVALDI sas di Boccignone Cristiano & C.;02717240101;Costi Variabili;Food;Variabile
POLLICE ILLUMINAZIONE SRL a Socio Unico;13190030158;Altri Costi Fissi;Manutenzione Impianti;Fisso
POTOCCO S.P.A.;00648690303;Altri Costi Fissi;Altre Forniture;Fisso
Pquadra Service srls;00000000000;Altri Costi Fissi;Manutenzione Generica;Fisso
PRATESI HOTEL DIVISION S.r.l.;01841191008;Altri Costi Fissi;Attrezzature Cucina;Fisso
Pratiche.it;00000000000;Altri Costi Fissi;Altre Spese;Fisso
PREGIS S.p.A.;00440600229;Costi Variabili;Food;Variabile
PREMIA Srl CON SOCIO UNICO;05683351000;Costi Variabili;Beverage;Variabile
PREMIERE SRL;02976660361;Altri Costi Fissi;Altre Forniture;Fisso
Presto Recapiti;00000000000;Altri Costi Fissi;Altre Spese;Fisso
PRIME ALTURE SOCIETA' AGRICOLA S.R.L.;02337220186;Costi Variabili;Beverage;Variabile
PRIME SRL;02025400660;Costi Variabili;Food;Variabile
Primosale di Manfredi De Nora;00000000000;Altri Costi Variabili;Musica;Variabile
PROGETTO CUCINA DI ANTUORI OTELLO S.R.L;01670961000;Altri Costi Fissi;Attrezzature Cucina;Fisso
Proposta Vini s.r.l. ;02127350227;Costi Variabili;Beverage;Variabile
PRORENT SRL;09869830969;Altri Costi Variabili;Noleggi;Variabile
PUERTA DIEGO MANSILLA;00072692443;Altri Costi Fissi;Altre Forniture;Fisso
Puratos Italia Srl;00346560493;Altri Costi Fissi;Materiali di Cucina;Fisso
QART SRL;00000000000;Altri Costi Variabili;Musica;Variabile
QUARENGHI GIACOMO;05703540962;Altri Costi Variabili;Noleggi;Variabile
QUATTROTERZI SRL;05997920961;Altri Costi Variabili;Allestimento Eventi;Variabile
R4M Engineering Srl;08145510965;Altri Costi Fissi;Consulenza;Fisso
RADICE SANDRO FEDELE S.N.C. DI RADICE GABRIELE E SILVIO;00889520961;Altri Costi Fissi;Software;Fisso
RAMILLI ALESSANDRO;01160240394;Costi Variabili;Beverage;Variabile
Rasterman srl;01488400993;Altri Costi Fissi;Altre Spese;Fisso
RCA SRL;10763700159;Altri Costi Fissi;Software;Fisso
RDV NETWORK SRL;01713750931;Altri Costi Fissi;Spese Amministrative;Fisso
RENORD S.P.A.;00858180151;Altri Costi Fissi;Altre Spese;Fisso
Rentokil Initial Italia S.p.A.;00000000000;Altri Costi Fissi;Manutenzione Generica;Fisso
RES AMBIENTE 91 S.R.L.;00000000000;Altri Costi Fissi;Manutenzione Generica;Fisso
Retail Italia Network s.r.l.;00633850169;Altri Costi Fissi;Abiti lavoro;Fisso
REVIVA SRL;11375091003;Altri Costi Variabili;Materiali di Consumo;Variabile
RF DISTRIBUZIONE SRLS;06168120654;Altri Costi Variabili;Materiali di Consumo;Variabile
Ricasoli Distribuzione Srl;01584110520;Costi Variabili;Beverage;Variabile
Ricci Gomme;02161020991;Altri Costi Fissi;Manutenzione Generica;Fisso
RIDA 2016 S.R.L.;13789261008;Costi Variabili;Food;Variabile
Riganti Group Snc;02188070995;Altri Costi Fissi;Attrezzature Cucina;Fisso
RINALDI 1957 SPA;13327260157;Costi Variabili;Beverage;Variabile
Rinaldi Srl;14939551009;Costi Variabili;Caffè;Variabile
RISTOLAB S.R.L.;02306190998;Altri Costi Fissi;Attrezzature Cucina;Fisso
RJD S.R.L.;15384501001;Costi Variabili;Food;Variabile
RO.S Srl;01496180165;Altri Costi Fissi;Attrezzature Sala;Fisso
Roberto Antinucci;00000000000;Costi Variabili;Beverage;Variabile
ROCCA DELLE MACIE S.P.A.;00209800523;Costi Variabili;Beverage;Variabile
Roma Distribuzione SRL;00000000000;Costi Variabili;Food;Variabile
Roma Sound Service Srl;00000000000;Altri Costi Variabili;Service;Variabile
ROMAFESTE IL TUO CITY PARTY S.R.L.S.;00000000000;Altri Costi Variabili;Allestimento eventi;Variabile
ROMANA LIEVITI di S. Bettollini s.r.l.;00994441004;Costi Variabili;Food;Variabile
Romana Service Srl;00000000000;Altri Costi Fissi;Manutenzione Generica;Fisso
Romizza SRL;00000000000;Costi Variabili;Food;Variabile
Ronchi Fireworks di Valerio Ronchi;00000000000;Altri Costi Variabili;Allestimento eventi;Variabile
Rondanini Gabriele;00000000000;Altri Costi Fissi;Marketing;Fisso
RONZINO IVAN;11076130159;Costi Variabili;Food;Variabile
ROSTICCERIA CAPRERA SNC;03415840101;Affitto;Affitto;Fisso
Rotex Srl;07270220721;Altri Costi Variabili;Materiali di Consumo;Variabile
Russo Cinzia Anna Rita;05791840969;Altri Costi Fissi;Altre Forniture;Fisso
S.A.L.U.T.E. srl;00983561002;Affitto;Affitto;Fisso
S.E.I.F. SRL;02045360688;Altri Costi Variabili;Materiali di Consumo;Variabile
S.I.A.E.;00987061009;Altri Costi Fissi;Spese Amministrative;Fisso
S.I.S. SRL;00162020549;Altri Costi Fissi;Spese Amministrative;Fisso
S.M.Y.A. S.R.L.;00000000000;Altri Costi Variabili;Allestimento eventi;Variabile
SA RAJA SOCIETA' AGRICOLA A RESPONSABILITA' LIMITATA A SOCIO UNICO;10809170961;Costi Variabili;Beverage;Variabile
SACCHETTI BIANCA MARIA;00000000000;Altri Costi Fissi;Marketing;Fisso
SAGNA SPA;00947970018;Costi Variabili;Beverage;Variabile
SALUMIFICIO DUCALE SRL;00146310347;Costi Variabili;Food;Variabile
Salumi Il Borgo SRL;00000000000;Costi Variabili;Food;Variabile
SALUMIFICIO MEC PALMIERI SPA;00179590369;Costi Variabili;Food;Variabile
Salumificio Squisito Srl;02664450349;Costi Variabili;Food;Variabile
SALVATORE COZZOLINO;11432750153;Costi Variabili;Food;Variabile
San Marzano Vini S.P.A.;03017840731;Costi Variabili;Beverage;Variabile
Sanguanini SRL;00000000000;Costi Variabili;Food;Variabile
Santa Margherita S.p.A.   ;00884040270;Costi Variabili;Beverage;Variabile
SANVITO & ROSSONI S.N.C. DI ROSSONI MATTIA E C.;03864230150;Altri Costi Fissi;Altre Forniture;Fisso
SAPI TECNOLOGY S.R.L.;09028400969;Altri Costi Fissi;Manutenzione Impianti;Fisso
SARDALEASING S.P.A.;03830780361;Altri Costi Fissi;Spese Amministrative;Fisso
SARDAMAR SRL;01109990315;Costi Variabili;Food;Variabile
SARTORIA VENEZIA 24 S.R.L.;10576810963;Altri Costi Fissi;Abiti lavoro;Fisso
SARZI AMADE' S.R.L.;06631440960;Costi Variabili;Beverage;Variabile
SASSOCRETA di Fabiano De Leonardis;02364450680;Costi Variabili;Beverage;Variabile
SCALIA SNC;02923440909;Costi Variabili;Beverage;Variabile
SCF S.r.l.;12925820156;Altri Costi Fissi;Spese Amministrative;Fisso
SCLOBY SRL;10964920010;Altri Costi Fissi;Software;Fisso
SCORPIUS S.R.L.;02707250995;Costi Variabili;Food;Variabile
SECURITY XXL PROTECTION E INVESTIGAZIONI SRLS;00000000000;Altri Costi Variabili;Servizi per Eventi;Variabile
SEDIE CALAMITA SNC DI CALAMITA ANTONIO & C;11422240157;Altri Costi Fissi;Manutenzione Generica;Fisso
SELECTA S.P.A.;00867840290;Costi Variabili;Food;Variabile
Sendinbule;00000000000;Altri Costi Fissi;Marketing;Fisso
SH. SERVICE SRL;11759990960;Altri Costi Fissi;Manutenzione Generica;Fisso
SHAOXING MULAN TRADING CO. LTD;02571210208;Altri Costi Fissi;Altre Forniture;Fisso
SICHEM S.R.L. ;09811080960;Altri Costi Variabili;Materiali di Consumo;Variabile
Sicily by Car S.p.A.;00105050827;Altri Costi Fissi;Automezzi;Fisso
SIM.POL di Pollini Stefano;03392790964;Altri Costi Fissi;Altre Spese;Fisso
Simposio SRLS;00000000000;Altri Costi Fissi;Fee;Fisso
SINISTRI & PEPE SRL;00876261009;Altri Costi Fissi;Manutenzione Generica;Fisso
SIS WORLDWIDE S.R.L.;05268270963;Altri Costi Fissi;Altre Spese;Fisso
Siver s.r.l.;01328821002;Altri Costi Fissi;Attrezzature Cucina;Fisso
SKERK SANDI;00838820322;Costi Variabili;Beverage;Variabile
Smargiassi Alter Impianti Srl;00000000000;Altri Costi Fissi;Manutenzione Impianti;Fisso
SO.GE.FI SRL;00720590967;Altri Costi Fissi;Manutenzione Generica;Fisso
SOC. AGR. BETTELLA S.S.;00135040194;Costi Variabili;Food;Variabile
SOC.AGR. PIEROPAN S.S.;03777370234;Costi Variabili;Beverage;Variabile
SOC.AGRICOLA EREDI DI INAMA GIUSEPPE S.S;03883480232;Costi Variabili;Beverage;Variabile
Società Agricola Monfalletto ss;00784150047;Costi Variabili;Beverage;Variabile
Società Agricola Nuova Agricoltura S.r.l.;02159900519;Costi Variabili;Beverage;Variabile
SOCIETÀ AGRICOLA TERRE FRIULANE S.R.L.;01916200304;Costi Variabili;Beverage;Variabile
SOCIETA' AGRICOLA AGRIBEL S.R.L.;03922530237;Costi Variabili;Beverage;Variabile
SOCIETA' AGRICOLA GARUTI DANTE, ELIO E ROMEO S.S.;00935560367;Costi Variabili;Beverage;Variabile
SOCIETA' AGRICOLA LA NEULA;02910210901;Costi Variabili;Beverage;Variabile
SOCIETA' AGRICOLA LA SPINETTA S.S.;01231050053;Costi Variabili;Beverage;Variabile
SOCIETA' AGRICOLA LIVON SOC.SEMPLICE;01974400309;Costi Variabili;Beverage;Variabile
SOCIETA' AGRICOLA MONTALBERA S.R.L.;00633260054;Costi Variabili;Beverage;Variabile
Societa' Agricola MONTE ROSSA s.r.l.;00627720980;Costi Variabili;Beverage;Variabile
SOCIETA' AGRICOLA SAN GIOBBE A R.L.;04681350270;Costi Variabili;Food;Variabile
SOCIETA' AGRICOLA TENUTA SANTA CATERINA S.R.L.;01551860057;Costi Variabili;Beverage;Variabile
SODA S.R.L.;17450271006;Altri Costi Fissi;Consulenza;Fisso
SOGEGROSS S.P.A.;01226470993;Costi Variabili;Food;Variabile
Soloramen srl;06575680480;Costi Variabili;Food;Variabile
Sorgenia S.p.A;00000000000;Utenze;Energia Elettrica;Fisso
Spagnolo Group Srl;00000000000;Altri Costi Variabili;Servizi per eventi;Variabile
SPANU PINO;01088820954;Costi Variabili;Food;Variabile
Spirito Federico;00000000000;Altri Costi Fissi;Marketing;Fisso
SPIRITS & COLORI SRL;02812380356;Costi Variabili;Beverage;Variabile
SPUMANTI VALDO S.R.L.;02801760238;Costi Variabili;Beverage;Variabile
Stagionello Service Srl;09681900966;Altri Costi Fissi;Manutenzione Impianti;Fisso
Starpack SRL;08696881211;Altri Costi Variabili;Materiali di Consumo;Variabile
STELLA WINES S.R.L.;09306330961;Costi Variabili;Beverage;Variabile
STEVI DATA SRLS;02861910996;Altri Costi Fissi;Commercialista;Fisso
Strategia Associati in Comunicazione S.r.l;00000000000;Altri Costi Variabili;Allestimento eventi;Variabile
Stripe Payments Europe, Limited - Italian Branch;12221650968;Altri Costi Fissi;Spese Bancarie;Fisso
STROOKA SRL A SOCIO UNICO;10103330964;Altri Costi Fissi;Software;Fisso
Studio Grafico DECO;00000000000;Altri Costi Variabili;Allestimento eventi;Variabile
Studio Levati di Fiorella Levati;00329990964;Altri Costi Fissi;Marketing;Fisso
Studio Mariotti srl;00000000000;Altri Costi Variabili;Allestimento eventi;Variabile
Studio Mazzeo scrl;03115030797;Altri Costi Fissi;Consulenza;Fisso
Studio Notarile Associato dei Notai;00000000000;Altri Costi Fissi;Consulenza;Fisso
STUDIOCANDIDO S.r.l.;06682680159;Altri Costi Fissi;Commercialista;Fisso
SUMMIT SRL;12445280154;Costi Variabili;Beverage;Variabile
SUPER 7 SRL;10061240965;Altri Costi Fissi;Software;Fisso
SUPERB APS;00039478021;Altri Costi Fissi;Software;Fisso
SUPERSKIN SRL;03205630159;Altri Costi Fissi;Manutenzione Generica;Fisso
SURRAU SRL - SOCIETA' AGRICOLA;02045680903;Costi Variabili;Food;Variabile
Sv Market di Vincenzo Sapia;06013600876;Costi Variabili;Food;Variabile
TAC SRL;17299891006;Altri Costi Fissi;Rappresentanza;Fisso
TACCARDI SNC DI TACCARDI GIAN LUCA E ANDREA;10788190154;Costi Variabili;Food;Variabile
TAGLIABENE SRL;10042060151;Altri Costi Fissi;Attrezzature Cucina;Fisso
Tannico Srl;07344570960;Costi Variabili;Beverage;Variabile
TARSOS S.R.L.;00922800107;Altri Costi Fissi;Spese Amministrative;Fisso
Tauro Giovanni;00000000000;Costi Variabili;Food;Variabile
TAVI;01721440996;Costi Variabili;Food;Variabile
Tecmarket Servizi Spa;03090380233;Altri Costi Fissi;Spese Amministrative;Fisso
Tecmarket Servizi Spa;10537050964;Altri Costi Fissi;Spese Amministrative;Fisso
TECNO SERVICE SNC DI RABAGLIA E. E C.;02946060106;Altri Costi Fissi;Manutenzione Generica;Fisso
TECNOCONFERENCE SRL;03755090481;Altri Costi Variabili;Noleggi;Variabile
TECNOHORECA SRLS;15178011001;Altri Costi Fissi;Manutenzione Macchinari;Fisso
TECNOLOGIE TESSILI S.r.l.;00000000000;Altri Costi Variabili;Allestimento eventi;Variabile
Tecnomeeting S.R.L.;00000000000;Altri Costi Variabili;Service;Variabile
TECNOVISION LEDWALL SRL;09426260965;Altri Costi Variabili;Service;Variabile
TELEPASS S.P.A.;09771701001;Altri Costi Fissi;Rappresentanza;Fisso
TENDASYSTEM SRL;06530800967;Investimenti;Investimenti;Investimenti
TENUTA DI DONNAFUGATA SRL S.A.;01155720814;Costi Variabili;Beverage;Variabile
TENUTA LA PINETA di Scortecci Giuseppe;01214120519;Costi Variabili;Beverage;Variabile
TENUTA SAN LEONARDO SRL;02396890226;Costi Variabili;Beverage;Variabile
TENUTE DEL CERRO WINES S.R.L.;01578360529;Costi Variabili;Beverage;Variabile
TERENZUOLA di Ivan Giuliani & C. Soc. Agr. Semp.;01148420456;Costi Variabili;Beverage;Variabile
TERRA MORETTI DISTRIBUZIONE SRL;01909450981;Costi Variabili;Beverage;Variabile
TERRE D'OLTREPO' S.C.A.P.A.;02270380187;Costi Variabili;Beverage;Variabile
TERRE D'OLTREPO' SPA;02977100185;Costi Variabili;Beverage;Variabile
TERVI SRL;01364131001;Altri Costi Fissi;Attrezzature Cucina;Fisso
Thaler GmbH;00123080210;Costi Variabili;Beverage;Variabile
The Kitchen Srl;16603271004;Altri Costi Fissi;Attrezzature Cucina;Fisso
The Side Srl;07386161009;Altri Costi Fissi;Abiti lavoro;Fisso
The Voo Agency srls;00000000000;Altri Costi Fissi;Fee;Fisso
Thimar SRL;00000000000;Costi Variabili;Food;Variabile
Ticketgate di Barbonetti Tamara;00000000000;Altri Costi Variabili;Allestimento eventi;Variabile
Tiger Italia 1 S.r.l.;00000000000;Altri Costi Variabili;Allestimento eventi;Variabile
TILLER SYSTEMS S.R.L.;09811880963;Altri Costi Fissi;Software;Fisso
TIM  S.p.A.;00488410010;Utenze;Telefono;Fisso
Tim10 srl;01184150991;Altri Costi Fissi;Consulenza;Fisso
Timossi Commerciale S.p.a. a s.u.;00263520108;Costi Variabili;Beverage;Variabile
TIPOLITOGRAFIA TORRE DI PEDEMONTE E. & PELOSI B. SAS;03661940100;Altri Costi Variabili;Materiali di Consumo;Variabile
TMT24 S.R.L. A SOCIO UNICO;03870600040;Costi Variabili;Food;Variabile
TONELLO ANTONIETTA;10611620963;Costi Variabili;Beverage;Variabile
Top Eventi Due di Luca Battimiello;00000000000;Altri Costi Fissi;Attrezzature Cucina;Fisso
TORNATORE FRANCESCO;01072520875;Costi Variabili;Beverage;Variabile
Torrefattori Associati S.p.A.;02488750064;Costi Variabili;Caffè;Variabile
Total Service Srl;13327120963;Altri Costi Fissi;Automezzi;Fisso
Training Consulting srls di Simone Morri;12617421008;Altri Costi Fissi;Attrezzature Sala;Fisso
Trenitalia S.p.A.;05403151003;Altri Costi Fissi;Rappresentanza;Fisso
TRENTINI FRUTTA DAL 2018 SRL UNIPERSONALE;02593970995;Costi Variabili;Food;Variabile
Truffle World Srl;00000000000;Costi Variabili;Food;Variabile
TUCCIO BRUNO;01144470539;Costi Variabili;Beverage;Variabile
Tuttoghiaccio srl;11745471000;Costi Variabili;Food;Variabile
UENO SRL;09603070963;Costi Variabili;Food;Variabile
UNIEURO S.P.A.;00876320409;Altri Costi Fissi;Altre Spese;Fisso
UNIONTRADE SPA;07645640157;Costi Variabili;Food;Variabile
UnipolTech S.p.A.;03740811207;Altri Costi Fissi;Assicurazioni;Fisso
Uno Valtellina Società Cooperativa Agricola;00879040145;Costi Variabili;Food;Variabile
UP LOGISTICA E NOLEGGIO S.r.l.;00000000000;Altri Costi Variabili;Noleggi;Variabile
Urban Vision S.p.a.;08236441005;Altri Costi Fissi;Marketing;Fisso
VABI S.R.L. ;09299440967;Altri Costi Fissi;Consulenza;Fisso
Valentina Stefanelli;00000000000;Altri Costi Variabili;Fotografo;Variabile
Valerio Pallotta;00000000000;Altri Costi Variabili;Materiali di Consumo;Variabile
VALRHONA SAS;79435480520;Costi Variabili;Food;Variabile
VDM SRL;00000000000;Altri Costi Fissi;Fee;Fisso
Vecchia Stampa Print Lab srl;00000000000;Altri Costi Variabili;Allestimento eventi;Variabile
VELENOSI SRL;01839990445;Costi Variabili;Beverage;Variabile
Velier S.p.A.;00264080102;Costi Variabili;Beverage;Variabile
VENETA PESCA S.R.L.;00042910299;Costi Variabili;Food;Variabile
VENICA & VENICA DI GIANNI VENICA E C. S.S. SOC. AGR.;00492040316;Costi Variabili;Beverage;Variabile
Verdi Paolo;01129620181;Costi Variabili;Beverage;Variabile
Verisure Italy Srl;12454611000;Altri Costi Fissi;Altre Spese;Fisso
Vescom Italia Srl;10952660016;Altri Costi Fissi;Altre Forniture;Fisso
VETRERIA MAJORANA S.N.C.;00000000000;Altri Costi Variabili;Allestimento eventi;Variabile
Vie di Romans Società Agricola;01268010319;Costi Variabili;Beverage;Variabile
VIETTI SRL;01873820045;Costi Variabili;Beverage;Variabile
Villa Brasini Garden SRLS;00000000000;Affitto;Affitto;Fisso
Villa Sandi SpA;00321980260;Costi Variabili;Beverage;Variabile
VINCIGUERRA SIMONA;02071610857;Altri Costi Variabili;Materiali di Consumo;Variabile
VINICOLA MAURI SRL;00204060131;Costi Variabili;Beverage;Variabile
VIRTU SUPPLY SRL;04616650877;Altri Costi Variabili;Materiali di Consumo;Variabile
VISCONTI 43 SPA;03758970960;Costi Variabili;Beverage;Variabile
VISION S.A.S.;00327780409;Altri Costi Fissi;Rappresentanza;Fisso
Vivai Ap Garden di Andrea Placidi;00000000000;Altri Costi Fissi;Manutenzione Verde;Fisso
Vivai Carlucci Damiano Tree Climber;00000000000;Altri Costi Fissi;Manutenzione Verde;Fisso
Vivai Mari s.r.l.;00000000000;Altri Costi Fissi;Manutenzione Verde;Fisso
VODAFONE ITALIA S.p.A.;08539010010;Utenze;Telefono;Fisso
VOERZIO MARTINI SOCIETA' SEMPLICE AGRICOLA;03589710049;Costi Variabili;Beverage;Variabile
Volkswagen Financial Services S.p.A.;10554340967;Altri Costi Fissi;Automezzi;Fisso
Volterra Francesca;07844930961;Altri Costi Fissi;Consulenza;Fisso
Vorwerk Italia s.a.s.;00793630153;Altri Costi Fissi;Attrezzature Cucina;Fisso
WALLY JOB S.R.L.;16714991003;Costo Staff;Costo Personale Operativo;Fisso
Weingut J. Hofstätter GmbH;00619540214;Costi Variabili;Beverage;Variabile
Wind Tre S.p.A.;13378520152;Utenze;Telefono;Fisso
WINE TERROIR SRL;03628030839;Costi Variabili;Beverage;Variabile
Winebroker S.r.l. Unipersonale;11919771003;Costi Variabili;Beverage;Variabile
WINETIP SRL;13177390153;Costi Variabili;Beverage;Variabile
WOERNDLE INTERSERVICE SRL;01435080211;Costi Variabili;Food;Variabile
X-OVEN ITALIA SRL;01578320192;Altri Costi Fissi;Attrezzature Cucina;Fisso
ZAFFERANO DISTRIBUZIONE SRL UNIPERSONALE;03369920982;Costi Variabili;Beverage;Variabile
ZAFFERANO SRL;03305480273;Altri Costi Fissi;Attrezzature Sala;Fisso
ZARA SERVICE SAS di Orsi Mario & C.;06290680153;Altri Costi Fissi;Manutenzione Generica;Fisso
Zhan Haohui;00000000000;Altri Costi Variabili;Materiali di Consumo;Variabile
ZHENGZHOU LTD;00306633774;Altri Costi Fissi;Altre Forniture;Fisso
ZHOU LIYUAN;03174570048;Altri Costi Fissi;Rappresentanza;Fisso
ZOPPIS SRL SB;01576310039;Costi Variabili;Beverage;Variabile
ZUCCHETTI SPA AD AZIONISTA UNICO;05006900962;Altri Costi Fissi;Software;Fisso
*ARTHEMIA SRL;06989070963;Costi Variabili;Food;Variabile
A.L.I. Srl;08958250964;Costi Variabili;Beverage;Variabile
LA.CO. CARNI SRL;00695570960;Costi Variabili;Food;Variabile
Azienda Agricola UBERTI G. & G.A.;00581650983;Costi Variabili;Beverage;Variabile
TARGET S.R.L.S.;10737140961;Altri Costi Fissi;Manutenzione Generica;Fisso
CANTINE CECI SPA;00376570347;Costi Variabili;Beverage;Variabile
Finigeto Az. Agr. di Dallavalle Aldo;02115600187;Costi Variabili;Beverage;Variabile
IMAC SOCIETA' AGRICOLA SRL;01714200431;Costi Variabili;Beverage;Variabile
Signorvino S.R.L. Soggetta a direzione e coordinamento di Oniverse Holding spa;05064530230;Costi Variabili;Beverage;Variabile
BIRRIFICIO MUTTNIK SRL;02469670182;Costi Variabili;Beverage;Variabile
GRUPPO VINICOLO FANTINEL S.P.A.;00486360308;Costi Variabili;Beverage;Variabile
TENUTA OLIM BAUDA S.S.A.;01473360053;Costi Variabili;Beverage;Variabile
A Riccione Santa Margherita S.R.L.;02947540999;Investimenti;Investimenti;Investimenti
M.K. TECHNO S.R.L.;11529110154;Altri Costi Fissi;Altre Spese;Fisso
Sassocreta Vini Snc;02828470696;Costi Variabili;Beverage;Variabile
IBERICOS PEREZ DE SEVILLA S.L.;00044658599;Costi Variabili;Food;Variabile
ASS.NE ITALIANA SOMMELIER LOMBARDIA;04558230969;Altri Costi Fissi;Altre Spese;Fisso
Azienda Agricola La Scolca s.s;03764710103;Costi Variabili;Beverage;Variabile
CEMENTOLINE SRL;06808120486;Investimenti;Investimenti;Investimenti
DIVINO MARKETING DI STIRBU VIORELIA;02080600691;Altri Costi Fissi;Marketing;Fisso
Insectum srls;15888241005;Altri Costi Fissi;Manutenzione Generica;Fisso
MIRASOLE SOCIETA' COOPERATIVA SOCIALE;03679000129;Altri Costi Fissi;Manutenzione Generica;Fisso
ONIWINES S.R.L.;05022490238;Costi Variabili;Beverage;Variabile
PELLECCHIA 1969 S.R.L.;01402861213;Altri Costi Fissi;Altre Spese;Fisso
SALCHETO S.R.L. Soc. Agr. S.B.;01034860526;Costi Variabili;Beverage;Variabile
Vigneti Letizia;02115600187;Costi Variabili;Beverage;Variabile
YASTA SRLS;09195911210;Altri Costi Fissi;Attrezzature Cucina;Fisso
AN ATOLL;55519430326;Altri Costi Fissi;Altre Spese;Fisso
Bfmshop di Buzzi Maurizio;07694220968;Altri Costi Variabili;Materiali di Consumo;Variabile
CARBOGNIN FIORI PROGETTAZIONI EVENTI SRL;13886400962;Altri Costi Variabili;Allestimento Eventi;Variabile
DACO di Cavallo Mirko;13874250965;Altri Costi Fissi;Manutenzione Generica;Fisso
FAMA INTERNATIONAL S.R.L.;02148800986;Altri Costi Fissi;Manutenzione Generica;Fisso
FRISION SARL;61349719419;Investimenti;Investimenti;Investimenti
GMG DI CALLEGARI MIRKO;06766370966;Altri Costi Fissi;Consulenza;Fisso
Host SpA;08505460017;Altri Costi Fissi;Marketing;Fisso
JBS SRL;00835720525;Costi Variabili;Beverage;Variabile
MediaMarket S.p.A. con Socio Unico;02630120166;Altri Costi Fissi;Altre Spese;Fisso
PESCONIL S.L.;00072131519;Costi Variabili;Food;Variabile
MF COMPOSITI SRL;07207400966;Investimenti;Investimenti;Investimenti
Smacrent s.r.l.;13984680960;Altri Costi Variabili;Noleggi;Variabile
PODERE SAPAIO Sas Soc. Agr. di Massimo Piccin & C.;01364750495;Costi Variabili;Beverage;Variabile
SOCIETA' AGRICOLA OLIVINI S.S.;02088040981;Costi Variabili;Beverage;Variabile
FEUDO MACCARI SOCIETA' AGRICOLA SRL;01973460890;Costi Variabili;Beverage;Variabile
Tartufi Meneghini s.r.l.;13668990966;Costi Variabili;Food;Variabile
S.R.L. PR.I.V.I.-PRODUZIONE IMBOTTIGLIAMENTO VINI ITALIANI;00159060367;Costi Variabili;Beverage;Variabile
MICHELE CHIARLO SRL;00106900053;Costi Variabili;Beverage;Variabile
AZIENDA AGRICOLA DOMENICO LA ROCCA;02068740840;Costi Variabili;Beverage;Variabile
LANZA SEA FOOD SRL;01636700815;Costi Variabili;Food;Variabile
MONTEVERRO SRL SOCIETA' AGRICOLA;04032300966;Costi Variabili;Beverage;Variabile
PERSEPOLI SRL;09972000963;Costi Variabili;Food;Variabile
SOCIETA' AGRICOLA A R.L. TENUTA LU SPADA;02446250744;Costi Variabili;Beverage;Variabile
ANDREA SPINARDI S.R.L;00839060159;Altri Costi Fissi;Manutenzione Generica;Fisso
CRURATED LIMITED;00376832951;Costi Variabili;Beverage;Variabile
Gruppo Peroni Eventi S.r.l.;09745621004;Altri Costi Fissi;Marketing;Fisso
IGPDecaux S.p.A.;00893300152;Altri Costi Fissi;Marketing;Fisso
IKEBANA FLEURS S.N.C. DI CINZIA GATTONE E BRUNO SIERRA;13356570153;Altri Costi Variabili;Allestimento Eventi;Variabile
ODSTORE SRL;03994180168;Costi Variabili;Food;Variabile
WINTERHALTER ITALIA SRL;00533900213;Investimenti;Investimenti;Investimenti
PRODUTTORI VINI MANDURIA SCA;00092380732;Costi Variabili;Beverage;Variabile
Mami Graphicfarm <br>di Mauro Minervino;10823630966;Altri Costi Variabili;Materiali di Consumo;Variabile
TERRAZZA A RICCIONE S.R.L.;11451440967;Costi Variabili;Movimenti Interni;Variabile
TENUTA LILIANA SOC. AGR. SRL;04900140759;Costi Variabili;Beverage;Variabile
ZIVELI S.R.L.;12598960966;Costi Variabili;Beverage;Variabile
AZ. DIONIGI S.S. AGRICOLA;03000220545;Costi Variabili;Beverage;Variabile
PRT Srl;05788930963;Altri Costi Fissi;Attrezzature Sala;Fisso
BRISTOL SRL;03507200156;Altri Costi Fissi;Rappresentanza;Fisso
MAURIZIO CAVALLI S.R.L.;01965480344;Costi Variabili;Beverage;Variabile
KATHAY SRL;08607890962;Costi Variabili;Food;Variabile
YALTA SRL;07551030963;Costi Variabili;Food;Variabile
SOCIETA' AGRICOLA GREPPO - BIONDI SANTI SRL;00521610527;Costi Variabili;Beverage;Variabile
ESPLORANDO S.R.L.;10565530960;Costi Variabili;Food;Variabile
ORS LAND DI ALI ZADEH ALIREZA;11387620963;Costi Variabili;Food;Variabile
Azienda Vitivinicola NERVI Soc. Agr. Srl;00354050023;Costi Variabili;Beverage;Variabile
SWEET AFRICA S.R.L.;05044820750;Costi Variabili;Food;Variabile
CANTINE DEI MARCHESI DI BAROLO SPA;00169530045;Costi Variabili;Beverage;Variabile
Bilancieri Emanuele;02291290613;Costi Variabili;Food;Variabile
DHL EXPRESS (ITALY) S.R.L.;04209680158;Altri Costi Fissi;Altre Spese;Fisso
CARNICAS LUISMI S.L.;00020685590;Costi Variabili;Food;Variabile
ISTITUTO NAZIONALE PREVIDENZA SOCIALE - INPS, Sede di MONZA;02121151001;Costo Staff;Costo Personale Operativo;Fisso
Ragolia Grazia;02728820818;Costi Variabili;Food;Variabile
CLERICO MASSIMO;02137830028;Costi Variabili;Beverage;Variabile
Candido Oddone;03788910960;Altri Costi Fissi;Commercialista;Fisso
RIVOLA ANDREA;11646720158;Altri Costi Fissi;Attrezzature Cucina;Fisso
Lucerna Fabio;05974470964;Costi Variabili;Beverage;Variabile
MAHMUD SOHEL;12510930964;Costi Variabili;Food;Variabile
GRASSO PIER PAOLO;02761870043;Costi Variabili;Beverage;Variabile
Bia Enrico;10214900960;Altri Costi Fissi;Manutenzione Generica;Fisso
RASOOLIPOURKHAMENEH EMAD;09423920967;Costi Variabili;Food;Variabile
CARLETTI FEDERICO;00792790529;Costi Variabili;Beverage;Variabile
Melotti Giulia;03883880134;Altri Costi Fissi;Consulenza;Fisso
Corvi Daniele;03302620137;Altri Costi Fissi;Consulenza;Fisso
PIETROPINTO VITTORIO;01631480769;Altri Costi Fissi;Consulenza;Fisso
BASCONE MARCO;12900690962;Altri Costi Fissi;Manutenzione Macchinari;Fisso
MAFFINI LUIGI;03367690652;Costi Variabili;Beverage;Variabile
Scarzello Federico;03291030041;Costi Variabili;Beverage;Variabile
BAGLINI ASCENSORI MILANO S.R.L.;02080200500;Altri Costi Fissi;Manutenzione Impianti;Fisso
C S SERVICE S.R.L.S.;03612870786;Altri Costi Fissi;Manutenzione Impianti;Fisso
FIRRIATO S.R.L.;00309260818;Costi Variabili;Beverage;Variabile
A RICCIONE SRL;04639930967;Costi Variabili;Movimenti Interni;Variabile
OFFICINA MECCANICA  BILANCE AFFETTATRICI s.n.c. di Gervasoni Oliviero & C.;08005320158;Altri Costi Fissi;Manutenzione Macchinari;Fisso
RESTWORLD S.R.L.;12270120012;Altri Costi Fissi;Spese Amministrative;Fisso
GIORDANO NEL MONDO DI GIORDANO MARIARCA;07315031216;Altri Costi Fissi;Attrezzature Sala;Fisso
MV Tech srl;04285111219;Altri Costi Fissi;Altre Forniture;Fisso
SOENA SRL;02176420814;Costi Variabili;Food;Variabile
TENUTE PICCINI S.P.A.;00368360525;Costi Variabili;Beverage;Variabile
AZ. AGRARIA MONTEROSSO DI BOTTAZZI CARLO LORENZO;01560680066;Costi Variabili;Beverage;Variabile
GIUFFRE' INGEGNERI ASSOCIATI STUDIO DI PROGETTAZIONE;02949770966;Altri Costi Fissi;Professionisti;Fisso